school,sex,age,address,famsize,Pstatus,Medu,Fedu,Mjob,Fjob,reason,guardian,traveltime,studytime,failures,schoolsup,famsup,paid,activities,nursery,higher,internet,romantic,famrel,freetime,goout,Dalc,Walc,health,absences,target
0.0,0.0,18.0,0.0,0.0,0.0,4.0,4.0,0.0,0.0,0.0,0.0,2.0,2.0,0.0,0.0,0.0,0.0,0.0,0.0,0.0,0.0,0.0,,3.0,,1.0,1.0,3.0,,0
,,17.0,,,,1.0,1.0,0.0,1.0,0.0,,1.0,2.0,0.0,,,,,1.0,0.0,,0.0,,3.0,,1.0,1.0,3.0,2.0,9
,,15.0,,,,1.0,1.0,0.0,1.0,1.0,,1.0,2.0,0.0,0.0,0.0,,,0.0,0.0,,0.0,,3.0,2.0,2.0,3.0,3.0,,12
,,15.0,,,,4.0,2.0,1.0,2.0,2.0,,1.0,3.0,0.0,,,,,0.0,0.0,,1.0,3.0,2.0,2.0,1.0,1.0,5.0,0.0,14
,,16.0,,,,3.0,3.0,,1.0,2.0,,1.0,2.0,0.0,,,,,0.0,0.0,0.0,0.0,,3.0,2.0,1.0,2.0,5.0,0.0,11
,,16.0,,,,4.0,3.0,,1.0,3.0,,1.0,2.0,0.0,,,,,0.0,0.0,,0.0,,4.0,2.0,1.0,2.0,5.0,,12
,,16.0,,,,2.0,2.0,,1.0,2.0,,1.0,2.0,0.0,,0.0,,,0.0,0.0,,0.0,,4.0,,1.0,1.0,3.0,0.0,13
,,17.0,,,0.0,4.0,4.0,,0.0,2.0,,2.0,2.0,0.0,0.0,,,,0.0,0.0,0.0,0.0,,1.0,,1.0,1.0,1.0,,10
,,15.0,,,0.0,3.0,2.0,,1.0,2.0,,1.0,2.0,0.0,,,,,0.0,0.0,,0.0,,2.0,2.0,1.0,1.0,1.0,0.0,15
,,15.0,,,,3.0,4.0,,1.0,2.0,,1.0,2.0,0.0,,,,,0.0,0.0,,0.0,,5.0,1.0,1.0,1.0,5.0,0.0,12
,,15.0,,,,4.0,4.0,,3.0,3.0,,1.0,2.0,0.0,,,,,0.0,0.0,,0.0,3.0,3.0,,1.0,2.0,2.0,,14
,,15.0,,,,2.0,1.0,,1.0,3.0,,3.0,3.0,0.0,,,,,0.0,0.0,,0.0,,2.0,2.0,1.0,1.0,4.0,0.0,10
,,15.0,,,,4.0,4.0,1.0,2.0,0.0,,1.0,1.0,0.0,,,,,0.0,0.0,,0.0,,3.0,,1.0,3.0,5.0,0.0,12
,,15.0,,,,4.0,3.0,,1.0,0.0,,2.0,2.0,0.0,,,,,0.0,0.0,,0.0,,4.0,,1.0,2.0,3.0,0.0,12
,,15.0,,,0.0,2.0,2.0,,1.0,2.0,,1.0,3.0,0.0,,,,,0.0,0.0,,1.0,,5.0,2.0,1.0,1.0,3.0,0.0,14
,,16.0,,,,4.0,4.0,1.0,1.0,2.0,,1.0,1.0,0.0,,,,,0.0,0.0,,0.0,,4.0,,1.0,2.0,2.0,,17
,,16.0,,,,4.0,4.0,,2.0,3.0,,1.0,3.0,0.0,,,,,0.0,0.0,,0.0,3.0,2.0,,1.0,2.0,2.0,,13
,,16.0,,,,3.0,3.0,,1.0,3.0,,3.0,2.0,0.0,0.0,,,,0.0,0.0,0.0,0.0,,3.0,2.0,1.0,1.0,4.0,,13
,,17.0,,,,3.0,2.0,,2.0,0.0,,1.0,1.0,3.0,,,,,0.0,0.0,,0.0,,5.0,,2.0,4.0,5.0,,8
,,16.0,,,,4.0,3.0,1.0,1.0,2.0,,1.0,1.0,0.0,,0.0,,,0.0,0.0,,0.0,3.0,1.0,,1.0,3.0,5.0,,12
,,15.0,,,,4.0,3.0,,1.0,3.0,,1.0,2.0,0.0,,0.0,,,0.0,0.0,,0.0,,4.0,1.0,1.0,1.0,1.0,0.0,12
,,15.0,,,,4.0,4.0,1.0,3.0,1.0,,1.0,1.0,0.0,,,,,0.0,0.0,,0.0,,4.0,2.0,1.0,1.0,5.0,0.0,11
,,16.0,,,,4.0,2.0,,1.0,0.0,,1.0,2.0,0.0,,0.0,,,0.0,0.0,,0.0,,5.0,1.0,1.0,3.0,5.0,0.0,12
,,16.0,,,,2.0,2.0,,1.0,3.0,,2.0,2.0,0.0,,,,,0.0,0.0,,0.0,,4.0,,2.0,4.0,5.0,,10
,,15.0,,,,2.0,4.0,,3.0,0.0,,1.0,3.0,0.0,0.0,,,,0.0,0.0,,0.0,,3.0,2.0,1.0,1.0,5.0,,10
,,16.0,,,,2.0,2.0,,2.0,2.0,,1.0,1.0,0.0,,,,,1.0,0.0,,0.0,1.0,2.0,2.0,1.0,3.0,5.0,,10
,,15.0,,,,2.0,2.0,,1.0,2.0,,1.0,1.0,0.0,,,,,0.0,0.0,,0.0,,2.0,2.0,1.0,2.0,5.0,,11
,,15.0,,,,4.0,2.0,1.0,2.0,1.0,,1.0,1.0,0.0,,0.0,,,0.0,0.0,,0.0,2.0,2.0,,2.0,4.0,1.0,0.0,11
,,16.0,,,0.0,3.0,4.0,,1.0,2.0,,1.0,2.0,0.0,0.0,,,,0.0,0.0,,0.0,,3.0,,1.0,1.0,5.0,,12
,,16.0,,,,4.0,4.0,,0.0,2.0,,1.0,2.0,0.0,,,,,0.0,0.0,,1.0,,4.0,,5.0,5.0,5.0,,12
,,15.0,,,,4.0,4.0,1.0,2.0,2.0,,1.0,2.0,0.0,,,,,1.0,0.0,,0.0,,4.0,2.0,3.0,4.0,5.0,0.0,10
,,15.0,0.0,,,4.0,4.0,,2.0,3.0,,2.0,2.0,0.0,,,,,0.0,0.0,,0.0,,3.0,1.0,1.0,1.0,5.0,,15
,,15.0,,,,4.0,3.0,,4.0,0.0,,1.0,2.0,0.0,,,,,0.0,0.0,,1.0,,5.0,2.0,1.0,1.0,5.0,0.0,13
,,15.0,,,,3.0,3.0,2.0,1.0,0.0,,1.0,2.0,0.0,,0.0,,,1.0,0.0,,0.0,,3.0,2.0,1.0,1.0,2.0,0.0,13
,,16.0,,,,3.0,2.0,2.0,1.0,2.0,,1.0,1.0,0.0,,,,,1.0,0.0,,0.0,,4.0,,1.0,1.0,5.0,,12
,,15.0,,,,2.0,3.0,2.0,1.0,1.0,,2.0,1.0,0.0,,,,,0.0,0.0,0.0,0.0,3.0,5.0,1.0,1.0,1.0,5.0,,11
,,15.0,,,,4.0,3.0,,2.0,2.0,,1.0,3.0,0.0,,,,,0.0,0.0,,0.0,,4.0,,1.0,1.0,4.0,0.0,14
,,16.0,,,0.0,4.0,4.0,2.0,0.0,3.0,,2.0,3.0,0.0,,,,,0.0,0.0,,1.0,2.0,4.0,,1.0,1.0,5.0,,13
,0.0,15.0,,,,3.0,4.0,,3.0,0.0,,1.0,3.0,0.0,0.0,,,,0.0,0.0,,0.0,,3.0,2.0,1.0,1.0,5.0,,11
,0.0,15.0,,,,2.0,2.0,0.0,1.0,3.0,,1.0,1.0,0.0,0.0,,,,0.0,0.0,0.0,0.0,,3.0,1.0,1.0,1.0,2.0,,14
,0.0,16.0,,,,2.0,2.0,,1.0,2.0,,2.0,2.0,0.0,,,,,1.0,0.0,,1.0,3.0,3.0,,1.0,2.0,3.0,,11
,,15.0,,,,4.0,4.0,,1.0,2.0,,1.0,1.0,0.0,,,,,1.0,0.0,,1.0,,4.0,,2.0,4.0,5.0,,10
,,15.0,,,,4.0,4.0,,0.0,0.0,,1.0,2.0,0.0,,,,,0.0,0.0,,0.0,,3.0,,1.0,1.0,5.0,0.0,14
,,15.0,,,,2.0,2.0,,2.0,0.0,,1.0,1.0,0.0,0.0,,,,0.0,0.0,,0.0,,4.0,1.0,1.0,1.0,1.0,0.0,9
,,16.0,,,,2.0,2.0,,4.0,0.0,,2.0,2.0,1.0,0.0,0.0,,,0.0,0.0,,0.0,,3.0,,2.0,2.0,5.0,,10
,,15.0,,,0.0,4.0,3.0,2.0,1.0,0.0,,1.0,2.0,0.0,0.0,,,,0.0,0.0,,1.0,,2.0,2.0,1.0,1.0,5.0,,10
,,16.0,,,0.0,3.0,3.0,2.0,2.0,2.0,,1.0,2.0,0.0,,,,0.0,0.0,0.0,,0.0,2.0,3.0,,1.0,4.0,3.0,,13
,,16.0,,,,4.0,3.0,1.0,2.0,3.0,,1.0,4.0,0.0,,0.0,,,0.0,0.0,,0.0,,2.0,2.0,1.0,1.0,2.0,,17
,,15.0,,,,4.0,2.0,,1.0,2.0,,1.0,2.0,0.0,,,,0.0,0.0,0.0,0.0,0.0,,3.0,,2.0,2.0,5.0,,11
,,15.0,,,,4.0,4.0,,0.0,1.0,,1.0,2.0,0.0,0.0,,,,1.0,0.0,,0.0,,4.0,,1.0,1.0,3.0,,13
,,16.0,,,,2.0,2.0,,2.0,0.0,,3.0,2.0,0.0,,,,,0.0,0.0,,0.0,,3.0,,2.0,3.0,4.0,0.0,14
,,15.0,,,,4.0,2.0,1.0,1.0,1.0,,1.0,2.0,0.0,,,,0.0,0.0,0.0,,0.0,,3.0,,1.0,1.0,5.0,0.0,16
,,15.0,,,0.0,4.0,2.0,1.0,3.0,1.0,,2.0,1.0,0.0,,0.0,,,0.0,0.0,0.0,0.0,,5.0,,3.0,4.0,5.0,,10
,,15.0,,,,4.0,4.0,,2.0,0.0,,1.0,1.0,0.0,0.0,,,0.0,0.0,0.0,,0.0,3.0,3.0,,2.0,3.0,5.0,0.0,13
0.0,,15.0,,,0.0,3.0,3.0,2.0,1.0,1.0,,1.0,1.0,0.0,,0.0,,,0.0,0.0,,0.0,,3.0,,4.0,4.0,1.0,0.0,13
0.0,,16.0,,,0.0,2.0,1.0,2.0,1.0,1.0,,1.0,2.0,0.0,,0.0,,,0.0,0.0,,1.0,,3.0,,1.0,1.0,2.0,,12
0.0,,15.0,,,0.0,4.0,3.0,,2.0,3.0,,1.0,2.0,0.0,,,,,0.0,0.0,,0.0,,3.0,2.0,1.0,1.0,1.0,0.0,15
0.0,,15.0,,,,4.0,4.0,,3.0,3.0,,1.0,2.0,0.0,,,,,0.0,0.0,0.0,0.0,3.0,2.0,2.0,1.0,1.0,5.0,,15
0.0,,15.0,,,,1.0,2.0,,4.0,2.0,,1.0,2.0,0.0,0.0,,,,0.0,0.0,,0.0,,3.0,2.0,1.0,1.0,5.0,0.0,14
0.0,,16.0,,,,4.0,2.0,,1.0,0.0,,1.0,2.0,0.0,,,,0.0,0.0,0.0,,0.0,,2.0,,1.0,1.0,5.0,,16
0.0,,16.0,,,,4.0,4.0,1.0,0.0,1.0,,1.0,2.0,0.0,,,,,0.0,0.0,0.0,0.0,2.0,4.0,,2.0,3.0,4.0,0.0,17
0.0,,16.0,,,,1.0,1.0,,2.0,0.0,,4.0,1.0,0.0,0.0,,,,1.0,0.0,,1.0,,5.0,,5.0,5.0,5.0,0.0,10
0.0,,16.0,,,,1.0,2.0,,2.0,3.0,,1.0,2.0,0.0,0.0,0.0,,,0.0,0.0,,0.0,,4.0,,1.0,1.0,1.0,0.0,13
0.0,,16.0,,,,4.0,3.0,,3.0,2.0,,1.0,3.0,0.0,0.0,1.0,,,0.0,0.0,,0.0,3.0,4.0,,2.0,4.0,4.0,0.0,14
0.0,,15.0,,,,4.0,3.0,,2.0,3.0,,1.0,2.0,0.0,0.0,0.0,,,0.0,0.0,,1.0,,4.0,,2.0,4.0,2.0,0.0,13
0.0,0.0,16.0,,,,4.0,3.0,,2.0,0.0,,3.0,2.0,0.0,,1.0,,,0.0,0.0,,0.0,,4.0,,1.0,2.0,1.0,,16
0.0,,15.0,,,0.0,4.0,4.0,,2.0,3.0,,1.0,4.0,0.0,,1.0,,,1.0,0.0,,1.0,1.0,3.0,,5.0,5.0,3.0,0.0,11
0.0,,16.0,,,,3.0,1.0,,1.0,0.0,,1.0,4.0,0.0,0.0,1.0,,0.0,0.0,0.0,,0.0,,3.0,,1.0,2.0,5.0,0.0,10
0.0,,15.0,,,,2.0,2.0,1.0,2.0,3.0,,2.0,2.0,0.0,0.0,1.0,,0.0,0.0,0.0,,0.0,,1.0,,1.0,3.0,4.0,0.0,11
0.0,,15.0,,,,3.0,1.0,2.0,1.0,3.0,,2.0,4.0,0.0,,,,0.0,1.0,0.0,,0.0,,4.0,2.0,2.0,3.0,3.0,,15
0.0,,16.0,,,,3.0,1.0,2.0,1.0,3.0,,2.0,4.0,0.0,,,,0.0,0.0,0.0,,0.0,,3.0,2.0,1.0,1.0,5.0,,13
0.0,,15.0,,,,4.0,2.0,2.0,1.0,0.0,,1.0,4.0,0.0,,0.0,,,0.0,0.0,,0.0,3.0,3.0,,1.0,1.0,3.0,0.0,11
0.0,,15.0,,,,1.0,1.0,2.0,1.0,3.0,,1.0,2.0,0.0,0.0,,,,1.0,0.0,,1.0,3.0,3.0,,2.0,4.0,5.0,,13
0.0,,16.0,,,,3.0,1.0,2.0,1.0,3.0,,1.0,1.0,0.0,,0.0,,,0.0,0.0,0.0,0.0,,3.0,2.0,2.0,2.0,5.0,0.0,13
0.0,,16.0,,,,3.0,3.0,2.0,2.0,2.0,,1.0,2.0,0.0,0.0,,,,0.0,0.0,,0.0,,3.0,,2.0,4.0,5.0,,11
0.0,,15.0,,,,4.0,3.0,,1.0,2.0,,1.0,2.0,0.0,,,,,0.0,0.0,,0.0,,3.0,,2.0,3.0,5.0,0.0,11
0.0,,15.0,,,,4.0,0.0,,1.0,0.0,,2.0,4.0,0.0,,0.0,,,0.0,0.0,,0.0,3.0,4.0,,1.0,1.0,1.0,0.0,12
0.0,,16.0,,,,2.0,2.0,,1.0,3.0,,1.0,4.0,0.0,,0.0,,,0.0,0.0,,1.0,,2.0,,1.0,3.0,3.0,1.0,13
0.0,,17.0,,,,2.0,1.0,,1.0,2.0,,2.0,1.0,3.0,0.0,,,,0.0,1.0,,0.0,,5.0,1.0,1.0,1.0,3.0,0.0,9
0.0,,16.0,,,,3.0,4.0,0.0,1.0,0.0,,1.0,2.0,0.0,,,,,0.0,0.0,,0.0,2.0,4.0,,1.0,2.0,3.0,,12
,,15.0,,,,2.0,3.0,,2.0,0.0,,1.0,1.0,0.0,0.0,,,,1.0,0.0,,1.0,3.0,2.0,2.0,1.0,3.0,3.0,0.0,11
,,15.0,,,,2.0,3.0,,1.0,2.0,,1.0,3.0,0.0,0.0,0.0,,,1.0,0.0,,0.0,,3.0,2.0,1.0,2.0,5.0,,10
0.0,,15.0,,,,3.0,2.0,,1.0,3.0,,1.0,2.0,0.0,,,,,0.0,0.0,,0.0,,4.0,,1.0,1.0,5.0,,12
0.0,,15.0,,,,2.0,2.0,,2.0,2.0,,2.0,2.0,0.0,,0.0,,,0.0,0.0,,0.0,,3.0,,1.0,3.0,4.0,,13
0.0,,15.0,,,,1.0,1.0,2.0,1.0,2.0,,1.0,2.0,0.0,,,,,1.0,0.0,,0.0,,3.0,2.0,2.0,3.0,4.0,,13
0.0,,15.0,,,,4.0,4.0,,2.0,3.0,,2.0,2.0,0.0,,0.0,,,0.0,0.0,,1.0,,4.0,,2.0,3.0,5.0,,12
0.0,,16.0,,,,2.0,2.0,0.0,1.0,0.0,,1.0,2.0,0.0,,,,,0.0,0.0,0.0,0.0,,3.0,,1.0,2.0,2.0,,13
0.0,,15.0,,,,4.0,2.0,2.0,1.0,3.0,,1.0,3.0,0.0,,,,,0.0,0.0,,0.0,,3.0,,1.0,3.0,1.0,,15
0.0,,16.0,,,,2.0,2.0,,1.0,3.0,,2.0,2.0,0.0,,0.0,,,1.0,0.0,,0.0,,4.0,2.0,1.0,1.0,3.0,,12
0.0,,16.0,,,0.0,4.0,4.0,,3.0,3.0,,1.0,2.0,0.0,,,,,0.0,0.0,0.0,0.0,,1.0,,3.0,5.0,5.0,,9
0.0,0.0,16.0,,,,3.0,3.0,2.0,1.0,2.0,,1.0,3.0,0.0,,,,,0.0,0.0,,1.0,,3.0,,1.0,3.0,4.0,,9
0.0,0.0,15.0,,,,4.0,3.0,,1.0,3.0,,1.0,1.0,0.0,,0.0,,,0.0,0.0,,0.0,,5.0,,1.0,3.0,1.0,,14
0.0,0.0,16.0,,,,3.0,1.0,,1.0,2.0,,1.0,2.0,0.0,0.0,,,,0.0,0.0,0.0,0.0,3.0,3.0,,2.0,3.0,2.0,0.0,12
0.0,0.0,16.0,,,,4.0,2.0,,2.0,2.0,,2.0,2.0,0.0,,,,,0.0,0.0,,0.0,,3.0,,1.0,1.0,1.0,,13
0.0,,15.0,,,,2.0,2.0,,3.0,3.0,,1.0,4.0,0.0,,,,,0.0,0.0,,0.0,,3.0,,1.0,1.0,4.0,,11
0.0,0.0,15.0,,,,1.0,1.0,0.0,1.0,2.0,,2.0,4.0,0.0,0.0,,,,0.0,0.0,,0.0,3.0,1.0,2.0,1.0,1.0,1.0,,13
0.0,,16.0,,,,4.0,3.0,,1.0,3.0,,2.0,1.0,0.0,0.0,,,,1.0,0.0,,0.0,3.0,3.0,,1.0,1.0,4.0,,9
0.0,0.0,16.0,,,,2.0,1.0,,1.0,0.0,,1.0,2.0,0.0,,,,,0.0,0.0,0.0,1.0,,3.0,,1.0,1.0,5.0,0.0,13
0.0,0.0,16.0,,,,4.0,4.0,,1.0,3.0,,1.0,1.0,0.0,,0.0,,,1.0,0.0,,0.0,,3.0,,1.0,2.0,1.0,,12
0.0,0.0,16.0,,,,4.0,3.0,,4.0,0.0,,1.0,3.0,0.0,0.0,,,,0.0,0.0,,0.0,,3.0,,1.0,1.0,3.0,,12
0.0,,16.0,,,,4.0,4.0,,2.0,1.0,,1.0,1.0,0.0,0.0,,,,0.0,0.0,,0.0,,5.0,,5.0,5.0,4.0,,9
0.0,,16.0,,,,4.0,4.0,,0.0,1.0,,1.0,3.0,0.0,,,,,0.0,0.0,,1.0,,4.0,,1.0,1.0,4.0,0.0,16
0.0,,15.0,,,,4.0,4.0,,1.0,0.0,,1.0,1.0,0.0,,,,,1.0,0.0,,0.0,,3.0,,1.0,1.0,5.0,,12
,0.0,15.0,,,,3.0,2.0,,1.0,2.0,,2.0,2.0,0.0,0.0,,,,0.0,0.0,,0.0,,3.0,,1.0,1.0,2.0,,11
,,15.0,,,0.0,3.0,4.0,,1.0,0.0,,1.0,2.0,0.0,,,,,0.0,0.0,,0.0,,4.0,,1.0,1.0,1.0,0.0,16
,0.0,15.0,,,0.0,3.0,3.0,,3.0,3.0,,1.0,4.0,0.0,0.0,0.0,,,0.0,0.0,0.0,0.0,,3.0,,1.0,1.0,4.0,,10
,0.0,15.0,,,,2.0,2.0,,1.0,0.0,,1.0,4.0,0.0,0.0,,,,0.0,0.0,,0.0,,1.0,2.0,1.0,1.0,3.0,,10
,,16.0,,,,3.0,3.0,,1.0,2.0,,1.0,3.0,0.0,,,,,0.0,0.0,,0.0,,3.0,,1.0,1.0,5.0,,13
,,15.0,,,,4.0,4.0,,1.0,2.0,,4.0,4.0,0.0,,,,,0.0,0.0,,1.0,1.0,3.0,,3.0,5.0,1.0,,12
,0.0,16.0,,,,4.0,4.0,1.0,3.0,1.0,,1.0,3.0,0.0,,,,,0.0,0.0,,1.0,,4.0,,1.0,1.0,4.0,,15
,,15.0,,,0.0,4.0,4.0,,0.0,0.0,,1.0,1.0,0.0,,0.0,,,0.0,0.0,,0.0,,5.0,,1.0,1.0,4.0,,13
,0.0,16.0,,,,3.0,3.0,,1.0,3.0,,1.0,3.0,0.0,0.0,,,,0.0,0.0,,0.0,,1.0,2.0,1.0,1.0,2.0,,11
,0.0,16.0,,,,2.0,2.0,0.0,1.0,2.0,,1.0,2.0,1.0,0.0,0.0,,,0.0,0.0,,0.0,3.0,1.0,2.0,1.0,1.0,5.0,,8
,,15.0,,,,4.0,2.0,,1.0,0.0,,1.0,1.0,0.0,,0.0,,,0.0,0.0,,0.0,3.0,5.0,2.0,1.0,1.0,3.0,,18
,,15.0,,,,2.0,1.0,1.0,2.0,3.0,,1.0,2.0,0.0,,0.0,,,0.0,0.0,,1.0,,4.0,2.0,1.0,1.0,5.0,,10
,,16.0,,,,4.0,4.0,,0.0,0.0,,1.0,2.0,0.0,,,,,0.0,0.0,,0.0,,4.0,,1.0,2.0,5.0,,16
,,15.0,0.0,,,4.0,4.0,,0.0,3.0,,2.0,2.0,0.0,,,,,0.0,0.0,0.0,0.0,,4.0,,1.0,1.0,2.0,,16
,,16.0,0.0,,,3.0,3.0,,2.0,2.0,,2.0,1.0,0.0,,0.0,,,0.0,0.0,,0.0,,4.0,2.0,1.0,1.0,5.0,,14
,,17.0,,,,1.0,3.0,,1.0,0.0,,3.0,2.0,1.0,,,,,0.0,0.0,,0.0,,2.0,,1.0,4.0,5.0,,12
,,15.0,0.0,,,3.0,4.0,,1.0,3.0,,1.0,1.0,0.0,,0.0,,,0.0,0.0,,0.0,3.0,4.0,,1.0,2.0,4.0,,14
,0.0,15.0,0.0,,,1.0,2.0,0.0,2.0,0.0,,1.0,2.0,0.0,,0.0,,,1.0,0.0,,0.0,3.0,2.0,,1.0,2.0,1.0,0.0,14
,,15.0,0.0,,,2.0,2.0,,2.0,2.0,,1.0,4.0,0.0,,,,,0.0,0.0,,0.0,,5.0,,1.0,2.0,5.0,,14
,0.0,16.0,0.0,,,2.0,4.0,,3.0,0.0,,2.0,2.0,0.0,,,,,0.0,0.0,,1.0,,2.0,2.0,1.0,2.0,5.0,,14
,,16.0,0.0,,,4.0,4.0,1.0,1.0,0.0,,1.0,1.0,0.0,,,,,0.0,0.0,,0.0,3.0,4.0,,1.0,4.0,5.0,,12
,0.0,16.0,0.0,,,2.0,2.0,,1.0,2.0,,1.0,2.0,0.0,,0.0,,,0.0,0.0,,1.0,,4.0,,1.0,1.0,5.0,0.0,12
,,15.0,0.0,,,3.0,4.0,,2.0,2.0,,1.0,1.0,0.0,0.0,0.0,,,0.0,0.0,,0.0,,5.0,,3.0,2.0,5.0,,9
,0.0,15.0,0.0,,0.0,3.0,4.0,,1.0,2.0,,1.0,2.0,0.0,0.0,0.0,,,0.0,0.0,,1.0,,3.0,2.0,1.0,1.0,1.0,0.0,10
,0.0,19.0,0.0,,,0.0,1.0,0.0,1.0,0.0,,1.0,2.0,2.0,,,,,1.0,1.0,0.0,0.0,3.0,4.0,2.0,1.0,1.0,5.0,0.0,9
,,16.0,,,,4.0,4.0,,0.0,0.0,,1.0,1.0,0.0,,0.0,,,0.0,0.0,,0.0,3.0,5.0,,2.0,5.0,4.0,,14
,,16.0,,,,2.0,3.0,,1.0,0.0,,2.0,3.0,0.0,,,,,1.0,0.0,,1.0,3.0,2.0,,2.0,2.0,1.0,,13
,0.0,15.0,,,,3.0,4.0,,0.0,0.0,,2.0,3.0,0.0,,,,,0.0,0.0,,1.0,,2.0,2.0,2.0,2.0,5.0,0.0,10
,0.0,18.0,,,,2.0,1.0,,1.0,3.0,,1.0,2.0,3.0,,,,,0.0,1.0,,1.0,,4.0,,1.0,3.0,5.0,,10
,0.0,17.0,,,0.0,2.0,1.0,,1.0,0.0,,3.0,1.0,0.0,,,,,0.0,0.0,,0.0,3.0,2.0,2.0,1.0,2.0,5.0,,11
,,15.0,,,,1.0,1.0,0.0,1.0,0.0,,3.0,1.0,0.0,,,,,1.0,0.0,,1.0,,3.0,,1.0,2.0,4.0,,11
,,17.0,,,,2.0,2.0,,1.0,0.0,,1.0,1.0,0.0,,,,,0.0,0.0,,1.0,3.0,4.0,,1.0,3.0,5.0,,13
,,16.0,,,0.0,3.0,4.0,,1.0,0.0,,1.0,1.0,0.0,,0.0,,,0.0,0.0,,0.0,3.0,2.0,1.0,1.0,4.0,5.0,,15
,,16.0,,,,2.0,1.0,0.0,1.0,0.0,,4.0,1.0,0.0,,0.0,,,0.0,0.0,0.0,0.0,3.0,2.0,1.0,1.0,1.0,2.0,,9
,,16.0,,,0.0,2.0,2.0,,1.0,2.0,,1.0,1.0,1.0,,0.0,,,0.0,0.0,0.0,0.0,,3.0,,1.0,1.0,5.0,,13
,,15.0,,,,3.0,4.0,0.0,0.0,0.0,,4.0,2.0,0.0,,,,,0.0,0.0,0.0,1.0,,3.0,,1.0,1.0,5.0,,12
,,15.0,0.0,,,4.0,4.0,,4.0,0.0,,1.0,3.0,0.0,,,,,0.0,0.0,,1.0,,3.0,,1.0,1.0,5.0,,13
,,17.0,,,,3.0,4.0,0.0,1.0,0.0,,3.0,2.0,0.0,,0.0,,,0.0,0.0,0.0,0.0,,4.0,,2.0,4.0,5.0,,10
,,16.0,,,,1.0,1.0,0.0,1.0,0.0,,4.0,2.0,0.0,,,,,0.0,0.0,0.0,0.0,,1.0,,1.0,1.0,3.0,0.0,14
,,18.0,,,,3.0,1.0,,2.0,0.0,,2.0,1.0,0.0,,0.0,,,0.0,0.0,,1.0,3.0,3.0,,4.0,5.0,4.0,,11
,,18.0,,,0.0,3.0,2.0,,2.0,0.0,,1.0,3.0,0.0,,,,,1.0,0.0,,1.0,,3.0,,5.0,1.0,5.0,,12
,,16.0,,,,1.0,1.0,,2.0,3.0,,2.0,1.0,0.0,,,,,0.0,0.0,0.0,1.0,3.0,3.0,,1.0,2.0,1.0,,12
,,16.0,,,0.0,3.0,3.0,,1.0,0.0,,2.0,1.0,0.0,,,,,1.0,0.0,,1.0,,3.0,2.0,1.0,1.0,5.0,,9
,,16.0,,,,1.0,1.0,,1.0,0.0,,1.0,2.0,2.0,,0.0,,,0.0,0.0,0.0,1.0,,4.0,,1.0,3.0,5.0,0.0,10
,,15.0,,,,4.0,4.0,,0.0,0.0,,2.0,1.0,0.0,,0.0,,,0.0,0.0,,0.0,,3.0,2.0,1.0,1.0,5.0,,13
,,15.0,,,,1.0,1.0,,1.0,0.0,,3.0,1.0,1.0,,0.0,,,0.0,0.0,,1.0,,5.0,,1.0,1.0,1.0,,8
,,15.0,,,,4.0,3.0,,2.0,0.0,,2.0,4.0,0.0,0.0,,,,0.0,0.0,,0.0,2.0,2.0,2.0,1.0,1.0,3.0,,9
,,15.0,,,0.0,3.0,3.0,,2.0,2.0,,1.0,2.0,0.0,,0.0,,,1.0,0.0,0.0,1.0,1.0,3.0,2.0,2.0,3.0,1.0,,9
,,16.0,,,,4.0,4.0,,2.0,0.0,,1.0,3.0,0.0,,,,,0.0,0.0,,0.0,,3.0,,1.0,3.0,5.0,0.0,15
,,16.0,,,,2.0,2.0,,2.0,3.0,,2.0,1.0,0.0,,,,,0.0,0.0,,0.0,2.0,3.0,,2.0,2.0,2.0,,12
,,15.0,,,,4.0,4.0,,2.0,0.0,,1.0,3.0,0.0,,,,,0.0,0.0,,0.0,,2.0,2.0,1.0,1.0,5.0,,13
,,16.0,,,,1.0,1.0,0.0,4.0,0.0,,1.0,1.0,0.0,,0.0,,0.0,0.0,0.0,,0.0,3.0,4.0,,3.0,3.0,1.0,,10
,,17.0,,,,2.0,1.0,,1.0,2.0,,1.0,1.0,0.0,,,,0.0,0.0,0.0,,0.0,,4.0,,1.0,2.0,5.0,,9
,,15.0,,,,1.0,1.0,,2.0,0.0,,1.0,2.0,0.0,,,,0.0,0.0,0.0,,0.0,,4.0,2.0,1.0,2.0,5.0,0.0,12
,,15.0,,,0.0,2.0,1.0,0.0,1.0,2.0,,2.0,1.0,0.0,,,,,0.0,1.0,,1.0,,4.0,2.0,1.0,1.0,5.0,0.0,11
,,15.0,,,,3.0,2.0,1.0,2.0,2.0,,1.0,2.0,1.0,,,,0.0,0.0,0.0,,0.0,3.0,3.0,2.0,1.0,1.0,3.0,,11
,,15.0,,,,1.0,2.0,0.0,1.0,0.0,,1.0,2.0,0.0,,,,0.0,1.0,0.0,,0.0,,3.0,2.0,1.0,1.0,5.0,,13
,,15.0,,,,1.0,2.0,0.0,2.0,0.0,,1.0,2.0,0.0,,0.0,,0.0,1.0,0.0,0.0,1.0,2.0,3.0,,2.0,4.0,1.0,,11
,,16.0,,,,4.0,4.0,,0.0,0.0,,1.0,1.0,0.0,,,,0.0,0.0,1.0,,1.0,3.0,3.0,2.0,2.0,1.0,5.0,,9
,,15.0,,,0.0,2.0,1.0,,1.0,0.0,,4.0,1.0,0.0,,0.0,,0.0,0.0,0.0,,0.0,,5.0,,2.0,5.0,5.0,0.0,12
,,18.0,,,,1.0,1.0,,1.0,0.0,,1.0,1.0,2.0,,0.0,,0.0,0.0,1.0,,1.0,2.0,3.0,,2.0,5.0,4.0,0.0,11
,,16.0,,,,2.0,1.0,0.0,1.0,0.0,,1.0,1.0,1.0,,0.0,,,0.0,0.0,0.0,1.0,,4.0,,3.0,5.0,5.0,,9
,,15.0,,,,3.0,3.0,,2.0,3.0,,2.0,3.0,0.0,,,,,0.0,0.0,,1.0,,2.0,1.0,2.0,3.0,3.0,,13
,,19.0,,,,3.0,2.0,,4.0,2.0,,1.0,1.0,0.0,,,,0.0,0.0,1.0,,1.0,,5.0,,1.0,1.0,4.0,,11
,,17.0,,,,4.0,4.0,,0.0,0.0,,1.0,1.0,0.0,0.0,,,0.0,0.0,0.0,0.0,1.0,,2.0,1.0,1.0,1.0,4.0,0.0,13
,,15.0,,,,2.0,3.0,0.0,2.0,0.0,,1.0,2.0,0.0,0.0,0.0,,,0.0,0.0,0.0,0.0,,4.0,,1.0,1.0,1.0,0.0,7
,,17.0,,,,1.0,2.0,,1.0,3.0,,1.0,1.0,3.0,,0.0,,0.0,0.0,0.0,0.0,0.0,2.0,2.0,2.0,3.0,3.0,5.0,,9
,,18.0,,,,1.0,1.0,0.0,1.0,0.0,,3.0,1.0,3.0,,,,,1.0,0.0,0.0,0.0,,2.0,,1.0,5.0,4.0,,11
,,16.0,,,,2.0,2.0,0.0,1.0,0.0,,3.0,1.0,0.0,,0.0,,,1.0,0.0,0.0,0.0,,2.0,2.0,1.0,2.0,3.0,,12
,,16.0,,,,3.0,3.0,,2.0,0.0,,1.0,2.0,1.0,,,,0.0,0.0,0.0,,1.0,,5.0,,4.0,4.0,5.0,0.0,10
,,16.0,,,,1.0,2.0,1.0,2.0,0.0,,2.0,1.0,2.0,,0.0,,0.0,1.0,0.0,,0.0,,4.0,,3.0,5.0,5.0,0.0,9
,,17.0,,,,2.0,1.0,0.0,1.0,0.0,,2.0,1.0,1.0,,0.0,,,0.0,1.0,,1.0,3.0,3.0,2.0,2.0,2.0,5.0,,8
,,17.0,,,,3.0,2.0,,1.0,0.0,,2.0,2.0,2.0,0.0,,,0.0,0.0,0.0,,1.0,,4.0,,1.0,4.0,3.0,,7
,,15.0,,,,1.0,2.0,,1.0,0.0,,2.0,1.0,0.0,,0.0,,,0.0,0.0,0.0,0.0,,4.0,,2.0,4.0,5.0,,8
,,16.0,,,,1.0,3.0,0.0,2.0,0.0,,1.0,1.0,1.0,,0.0,,0.0,0.0,1.0,,0.0,,3.0,,1.0,4.0,2.0,,9
,,17.0,,,,1.0,1.0,,2.0,0.0,,4.0,2.0,0.0,,0.0,,,0.0,1.0,0.0,1.0,,3.0,,1.0,5.0,5.0,0.0,8
,,17.0,,,,3.0,2.0,,2.0,0.0,,2.0,1.0,3.0,,,,,1.0,1.0,0.0,0.0,,5.0,2.0,1.0,1.0,2.0,,8
,,16.0,,,,2.0,2.0,,1.0,0.0,,1.0,2.0,0.0,,0.0,,0.0,0.0,1.0,,0.0,,3.0,,2.0,4.0,4.0,0.0,9
,,16.0,,,,4.0,2.0,1.0,2.0,2.0,,1.0,2.0,0.0,,0.0,,0.0,0.0,0.0,,1.0,,2.0,,1.0,1.0,3.0,0.0,17
,,16.0,,,,2.0,2.0,,1.0,2.0,,1.0,2.0,0.0,,1.0,,0.0,1.0,0.0,,0.0,,1.0,,1.0,1.0,4.0,0.0,12
,,16.0,,,,4.0,4.0,1.0,3.0,3.0,,1.0,2.0,0.0,,,,0.0,0.0,0.0,,1.0,,4.0,2.0,1.0,1.0,3.0,0.0,16
,,16.0,,,,3.0,4.0,,1.0,0.0,,3.0,1.0,1.0,,,,,1.0,0.0,,0.0,3.0,4.0,,2.0,4.0,2.0,,9
,,16.0,,,,1.0,0.0,,1.0,3.0,,2.0,2.0,0.0,,,,,0.0,0.0,,1.0,,3.0,2.0,1.0,1.0,3.0,0.0,16
,,17.0,,,,4.0,4.0,,1.0,3.0,,1.0,2.0,0.0,,,,,0.0,0.0,,0.0,,4.0,,1.0,3.0,5.0,0.0,11
,,16.0,,,,1.0,3.0,0.0,2.0,2.0,,1.0,2.0,0.0,,0.0,,,1.0,0.0,,1.0,,3.0,,1.0,1.0,3.0,0.0,14
,,16.0,,,,3.0,3.0,,1.0,3.0,,2.0,2.0,0.0,,,,,0.0,0.0,,0.0,,4.0,,1.0,1.0,4.0,0.0,14
,,17.0,,,,4.0,3.0,,1.0,0.0,,2.0,2.0,0.0,,0.0,,,0.0,0.0,,0.0,,4.0,,4.0,4.0,4.0,0.0,10
,,16.0,,,,2.0,2.0,,1.0,3.0,,2.0,2.0,0.0,,0.0,,,1.0,0.0,,0.0,3.0,4.0,,1.0,4.0,5.0,0.0,13
,,17.0,,,,3.0,3.0,,1.0,3.0,,1.0,2.0,0.0,,0.0,,,1.0,0.0,,0.0,,3.0,,1.0,4.0,4.0,,11
,,16.0,,,,4.0,2.0,,2.0,1.0,,1.0,1.0,0.0,,,,,0.0,0.0,,1.0,,3.0,,3.0,4.0,3.0,,10
,,17.0,,,,4.0,3.0,,1.0,0.0,,1.0,2.0,0.0,,,,,0.0,0.0,,1.0,,2.0,,1.0,1.0,2.0,,11
,,16.0,,,,4.0,3.0,,1.0,2.0,,1.0,2.0,0.0,,,,,0.0,0.0,,0.0,3.0,4.0,,2.0,3.0,3.0,,11
,,16.0,,,,3.0,3.0,,1.0,2.0,,1.0,2.0,0.0,,0.0,,,0.0,0.0,,1.0,,2.0,,1.0,2.0,3.0,0.0,11
,,17.0,,,,2.0,4.0,,2.0,3.0,,1.0,2.0,0.0,,,,,0.0,0.0,0.0,0.0,,4.0,2.0,2.0,3.0,5.0,0.0,17
,,17.0,,,,3.0,3.0,,1.0,3.0,,1.0,2.0,0.0,,,,,0.0,0.0,,1.0,,3.0,,2.0,3.0,1.0,,14
,,16.0,,,,3.0,2.0,,1.0,3.0,,1.0,2.0,0.0,,,,,0.0,0.0,,0.0,1.0,2.0,2.0,1.0,2.0,1.0,,14
,,17.0,,,,3.0,3.0,,2.0,1.0,,1.0,2.0,0.0,,,,,0.0,0.0,,1.0,,3.0,,2.0,3.0,4.0,,11
,,16.0,,,,1.0,2.0,,2.0,1.0,,1.0,1.0,0.0,,1.0,,,0.0,0.0,,1.0,3.0,3.0,,1.0,2.0,3.0,0.0,10
,,16.0,,,,2.0,1.0,,1.0,0.0,,1.0,2.0,0.0,,0.0,,,0.0,0.0,,1.0,,2.0,,1.0,2.0,5.0,0.0,13
,,17.0,,,0.0,3.0,3.0,1.0,1.0,3.0,,1.0,2.0,0.0,,,,,1.0,0.0,,1.0,3.0,3.0,,1.0,3.0,3.0,,12
,,17.0,,,,1.0,2.0,0.0,1.0,2.0,,1.0,2.0,0.0,,0.0,,,0.0,0.0,0.0,0.0,3.0,1.0,,1.0,5.0,3.0,,9
,,16.0,,,,2.0,3.0,,2.0,0.0,,1.0,2.0,0.0,,0.0,,,0.0,0.0,,0.0,,3.0,,1.0,1.0,2.0,,12
,,17.0,,,,1.0,1.0,0.0,2.0,0.0,,1.0,2.0,0.0,,0.0,,,0.0,0.0,,0.0,,3.0,,1.0,1.0,3.0,0.0,12
,,17.0,,,,1.0,2.0,0.0,2.0,1.0,,2.0,2.0,0.0,,0.0,,,1.0,0.0,,0.0,,4.0,,4.0,5.0,5.0,,10
,,16.0,,,,3.0,3.0,,2.0,3.0,,1.0,1.0,0.0,,,,,0.0,0.0,,0.0,,3.0,2.0,3.0,4.0,5.0,0.0,11
,,16.0,,,,2.0,3.0,,1.0,2.0,,2.0,1.0,0.0,,0.0,,,0.0,0.0,,0.0,,3.0,,1.0,1.0,3.0,0.0,13
,,17.0,,,,2.0,4.0,,2.0,0.0,,1.0,2.0,0.0,,0.0,,,0.0,0.0,,1.0,,3.0,2.0,1.0,1.0,5.0,,14
0.0,,17.0,,,,4.0,4.0,,0.0,2.0,,1.0,1.0,0.0,,0.0,,,0.0,0.0,,0.0,,2.0,,1.0,2.0,5.0,,13
,,16.0,,,,3.0,3.0,,1.0,2.0,,3.0,1.0,0.0,,,,,0.0,0.0,,0.0,3.0,3.0,,3.0,5.0,3.0,,10
0.0,0.0,17.0,,,,4.0,4.0,,0.0,2.0,,2.0,1.0,1.0,,,,,0.0,0.0,,0.0,,2.0,,2.0,3.0,2.0,,14
0.0,0.0,16.0,,,,4.0,4.0,,0.0,3.0,,1.0,2.0,0.0,,,,,0.0,0.0,,0.0,,5.0,2.0,1.0,2.0,3.0,0.0,11
0.0,0.0,16.0,,,,4.0,3.0,1.0,1.0,2.0,,1.0,2.0,0.0,,,,,0.0,0.0,,0.0,,3.0,,1.0,5.0,2.0,,14
0.0,0.0,16.0,,,,2.0,3.0,,1.0,3.0,,1.0,2.0,0.0,0.0,,,,0.0,0.0,0.0,0.0,,4.0,,1.0,3.0,4.0,,11
0.0,0.0,17.0,,,,1.0,1.0,,1.0,0.0,,1.0,2.0,0.0,,,,,1.0,0.0,0.0,0.0,,4.0,,1.0,3.0,1.0,0.0,14
0.0,0.0,17.0,,,,2.0,2.0,,1.0,3.0,,1.0,1.0,0.0,,,,,0.0,0.0,,0.0,,3.0,2.0,1.0,2.0,3.0,,13
0.0,0.0,16.0,,,,2.0,2.0,,2.0,3.0,,2.0,4.0,0.0,,,,,1.0,0.0,,0.0,,3.0,,1.0,1.0,5.0,,13
0.0,0.0,17.0,,,,3.0,4.0,0.0,2.0,2.0,,1.0,3.0,1.0,,,,,0.0,0.0,,1.0,,4.0,,3.0,4.0,5.0,,8
0.0,0.0,16.0,,,0.0,3.0,1.0,,1.0,0.0,,1.0,2.0,0.0,,,,,0.0,0.0,,0.0,2.0,3.0,,2.0,2.0,4.0,,11
0.0,0.0,16.0,,,,4.0,3.0,,1.0,1.0,,1.0,2.0,0.0,,0.0,,,0.0,0.0,,1.0,1.0,3.0,2.0,1.0,1.0,1.0,,14
0.0,0.0,16.0,,,,1.0,1.0,0.0,1.0,2.0,,2.0,1.0,0.0,,,,,0.0,0.0,0.0,0.0,,3.0,2.0,1.0,4.0,5.0,,12
0.0,0.0,17.0,,,,4.0,3.0,,1.0,3.0,,2.0,3.0,0.0,,,,,0.0,0.0,,1.0,,4.0,2.0,1.0,1.0,4.0,0.0,11
0.0,0.0,19.0,,,,3.0,3.0,,1.0,3.0,,1.0,4.0,0.0,,,,,0.0,0.0,,0.0,,3.0,,1.0,2.0,3.0,,12
0.0,,17.0,,,,4.0,4.0,,1.0,2.0,,1.0,2.0,0.0,,,,,0.0,0.0,,1.0,,3.0,,4.0,5.0,3.0,,13
0.0,0.0,16.0,,,0.0,2.0,2.0,,1.0,3.0,,1.0,2.0,0.0,0.0,,,,0.0,0.0,,0.0,3.0,3.0,,1.0,1.0,4.0,0.0,13
0.0,,18.0,,,,2.0,2.0,,1.0,2.0,,1.0,2.0,0.0,,,,,0.0,0.0,,0.0,,4.0,,2.0,4.0,5.0,,12
0.0,0.0,17.0,,,,4.0,4.0,,1.0,1.0,,1.0,1.0,0.0,,,,,0.0,0.0,0.0,0.0,,2.0,1.0,1.0,2.0,3.0,,12
0.0,0.0,17.0,,,,3.0,2.0,,1.0,3.0,,2.0,2.0,0.0,,0.0,,0.0,0.0,0.0,,0.0,,4.0,,1.0,3.0,1.0,,14
0.0,0.0,17.0,,,,4.0,3.0,,1.0,3.0,,1.0,2.0,0.0,,0.0,,0.0,0.0,0.0,,1.0,3.0,4.0,,2.0,4.0,1.0,,11
0.0,,18.0,,,,3.0,3.0,,3.0,2.0,,1.0,2.0,0.0,,,,0.0,0.0,0.0,,0.0,3.0,2.0,,2.0,4.0,4.0,,10
0.0,0.0,17.0,,,,2.0,3.0,0.0,1.0,2.0,,2.0,1.0,0.0,,,,0.0,0.0,0.0,0.0,0.0,3.0,3.0,,1.0,4.0,3.0,,12
0.0,0.0,17.0,,,,2.0,2.0,0.0,4.0,0.0,,1.0,3.0,0.0,,,,,0.0,0.0,,0.0,,3.0,,1.0,1.0,4.0,0.0,12
0.0,0.0,17.0,,,,2.0,1.0,0.0,2.0,3.0,,2.0,2.0,0.0,,,,,0.0,0.0,,0.0,,2.0,,1.0,2.0,5.0,0.0,11
0.0,0.0,17.0,,,,1.0,1.0,0.0,1.0,3.0,,1.0,3.0,0.0,,,,,0.0,0.0,0.0,1.0,,3.0,,1.0,1.0,5.0,,12
0.0,0.0,16.0,,,,2.0,3.0,,0.0,1.0,,1.0,2.0,0.0,0.0,0.0,,0.0,0.0,0.0,,0.0,2.0,3.0,1.0,1.0,1.0,3.0,0.0,13
0.0,,18.0,,,,2.0,2.0,,1.0,2.0,,2.0,2.0,3.0,,,,0.0,0.0,0.0,,0.0,3.0,3.0,,5.0,5.0,4.0,,10
0.0,0.0,16.0,,,,4.0,4.0,,2.0,2.0,,1.0,3.0,0.0,,,,,1.0,0.0,,0.0,,3.0,2.0,1.0,1.0,5.0,,15
0.0,0.0,18.0,,,,3.0,1.0,,1.0,3.0,,1.0,2.0,0.0,,0.0,,,0.0,0.0,,1.0,,3.0,,1.0,1.0,4.0,,8
0.0,0.0,17.0,,,,3.0,2.0,,1.0,0.0,,1.0,2.0,0.0,,0.0,,,1.0,0.0,,0.0,,3.0,,1.0,3.0,3.0,,17
0.0,,17.0,,,,2.0,3.0,,2.0,3.0,,1.0,2.0,0.0,,,,0.0,1.0,0.0,,0.0,,3.0,,1.0,3.0,3.0,0.0,10
0.0,,18.0,,,,2.0,1.0,0.0,1.0,0.0,,4.0,2.0,0.0,0.0,,,,0.0,0.0,,1.0,,3.0,2.0,4.0,5.0,3.0,,9
0.0,0.0,17.0,,,0.0,2.0,1.0,,1.0,0.0,,2.0,3.0,0.0,,0.0,,,0.0,0.0,,1.0,3.0,2.0,,1.0,2.0,3.0,0.0,15
0.0,0.0,17.0,,,,4.0,3.0,1.0,1.0,3.0,,1.0,2.0,0.0,,0.0,,,0.0,0.0,,1.0,3.0,2.0,,1.0,2.0,3.0,0.0,14
0.0,,17.0,,,,2.0,2.0,,1.0,0.0,,2.0,2.0,0.0,,,,,0.0,0.0,,0.0,,5.0,2.0,1.0,1.0,1.0,0.0,12
0.0,,17.0,,,,4.0,4.0,,0.0,3.0,,1.0,2.0,0.0,0.0,,,,0.0,0.0,,1.0,,5.0,,1.0,3.0,2.0,0.0,13
0.0,,16.0,0.0,,,4.0,4.0,1.0,1.0,3.0,,1.0,2.0,0.0,,,,,0.0,0.0,,0.0,,2.0,,2.0,4.0,1.0,0.0,13
0.0,,16.0,0.0,,,1.0,1.0,,1.0,2.0,,2.0,2.0,0.0,,,,0.0,0.0,0.0,,0.0,3.0,4.0,2.0,1.0,1.0,5.0,,9
0.0,,16.0,0.0,,,3.0,2.0,0.0,1.0,3.0,,2.0,3.0,0.0,,0.0,,,0.0,0.0,,1.0,,3.0,,1.0,3.0,2.0,0.0,12
0.0,,17.0,0.0,,,2.0,2.0,,1.0,2.0,,1.0,2.0,0.0,,0.0,,,1.0,0.0,,1.0,,4.0,2.0,5.0,5.0,4.0,0.0,16
0.0,0.0,16.0,0.0,,,2.0,1.0,,1.0,2.0,,1.0,1.0,0.0,,0.0,,0.0,0.0,0.0,,1.0,,5.0,2.0,1.0,1.0,5.0,,9
0.0,0.0,16.0,0.0,,0.0,4.0,1.0,,1.0,2.0,,1.0,2.0,0.0,,0.0,,,0.0,0.0,,1.0,,3.0,,1.0,2.0,5.0,0.0,14
0.0,0.0,18.0,0.0,,0.0,2.0,4.0,,1.0,0.0,,2.0,2.0,1.0,,,,0.0,0.0,0.0,,0.0,,3.0,,1.0,1.0,3.0,,10
0.0,0.0,18.0,0.0,,,2.0,2.0,0.0,2.0,0.0,,1.0,2.0,1.0,,,,0.0,1.0,0.0,,1.0,,3.0,1.0,1.0,1.0,5.0,,9
0.0,0.0,18.0,0.0,,,3.0,3.0,,1.0,0.0,,2.0,1.0,1.0,,0.0,,0.0,0.0,1.0,,0.0,,1.0,1.0,1.0,1.0,3.0,,8
0.0,,18.0,0.0,,,2.0,2.0,,4.0,0.0,,1.0,1.0,1.0,,,,,1.0,1.0,,1.0,,4.0,,2.0,2.0,1.0,,7
0.0,,17.0,0.0,,,4.0,4.0,,0.0,0.0,,1.0,1.0,0.0,,,,,1.0,0.0,,0.0,,2.0,1.0,1.0,2.0,5.0,,10
0.0,0.0,17.0,0.0,,,3.0,2.0,,1.0,0.0,,1.0,2.0,0.0,,0.0,,,0.0,0.0,0.0,0.0,,4.0,2.0,1.0,1.0,3.0,,14
0.0,0.0,17.0,0.0,,,1.0,1.0,0.0,4.0,0.0,,1.0,3.0,0.0,,,,,0.0,0.0,,1.0,,3.0,2.0,1.0,2.0,4.0,,11
0.0,0.0,16.0,0.0,,,1.0,2.0,,1.0,0.0,,1.0,1.0,0.0,,0.0,,0.0,0.0,1.0,,0.0,,3.0,,1.0,2.0,5.0,,12
0.0,0.0,17.0,,,,2.0,1.0,0.0,2.0,0.0,,3.0,2.0,0.0,,0.0,,,0.0,0.0,0.0,0.0,2.0,1.0,1.0,1.0,1.0,3.0,,13
0.0,0.0,17.0,,,0.0,1.0,4.0,,1.0,0.0,,4.0,1.0,1.0,,,,0.0,0.0,0.0,,0.0,,5.0,,1.0,1.0,5.0,,9
0.0,,18.0,0.0,,,2.0,2.0,,2.0,3.0,,1.0,2.0,0.0,,0.0,,0.0,0.0,1.0,,0.0,,5.0,,3.0,5.0,2.0,,8
0.0,0.0,17.0,0.0,,0.0,2.0,2.0,,1.0,2.0,,1.0,1.0,1.0,,,,0.0,1.0,1.0,,0.0,3.0,1.0,2.0,1.0,1.0,1.0,,11
0.0,0.0,17.0,,,,1.0,1.0,0.0,1.0,0.0,0.0,2.0,3.0,0.0,,0.0,,,0.0,0.0,,0.0,,3.0,,1.0,3.0,5.0,,15
0.0,0.0,17.0,0.0,,0.0,4.0,2.0,,1.0,0.0,0.0,1.0,2.0,0.0,,,,,0.0,0.0,0.0,0.0,,3.0,2.0,1.0,1.0,4.0,,15
0.0,,17.0,0.0,,,4.0,3.0,1.0,1.0,0.0,0.0,2.0,2.0,0.0,,0.0,,,0.0,0.0,,1.0,2.0,5.0,,1.0,4.0,5.0,,15
0.0,,17.0,,,0.0,4.0,4.0,,1.0,0.0,0.0,2.0,2.0,0.0,,,,0.0,0.0,0.0,,0.0,3.0,3.0,,2.0,3.0,4.0,0.0,12
0.0,,16.0,0.0,,,4.0,3.0,,1.0,0.0,0.0,1.0,1.0,0.0,,0.0,,,1.0,0.0,,0.0,,4.0,,1.0,1.0,3.0,,14
0.0,,16.0,0.0,,,4.0,4.0,,2.0,0.0,0.0,1.0,1.0,0.0,,0.0,,,0.0,0.0,,0.0,,3.0,2.0,1.0,2.0,5.0,,14
0.0,0.0,17.0,0.0,0.0,,4.0,4.0,,2.0,0.0,0.0,1.0,2.0,0.0,,,,0.0,0.0,0.0,,1.0,,3.0,1.0,1.0,4.0,5.0,,11
0.0,,17.0,,0.0,,1.0,1.0,,1.0,2.0,,2.0,3.0,0.0,,0.0,,0.0,1.0,0.0,,1.0,,3.0,3.0,1.0,1.0,1.0,,13
0.0,0.0,17.0,0.0,0.0,,3.0,3.0,,1.0,2.0,0.0,2.0,3.0,0.0,,,,0.0,0.0,0.0,,1.0,,2.0,2.0,2.0,3.0,5.0,,11
0.0,0.0,17.0,0.0,0.0,,1.0,1.0,0.0,1.0,0.0,0.0,1.0,2.0,0.0,0.0,0.0,,0.0,1.0,0.0,0.0,1.0,,3.0,2.0,1.0,1.0,4.0,,10
0.0,0.0,18.0,0.0,0.0,,2.0,1.0,,1.0,0.0,,2.0,3.0,0.0,,,,0.0,1.0,0.0,,1.0,,4.0,,1.0,1.0,3.0,,12
0.0,,16.0,0.0,0.0,,2.0,1.0,,1.0,0.0,0.0,3.0,1.0,0.0,,0.0,,0.0,0.0,0.0,,0.0,,3.0,3.0,1.0,1.0,4.0,,15
0.0,0.0,17.0,0.0,0.0,,1.0,1.0,,2.0,0.0,,1.0,2.0,0.0,,,,0.0,0.0,0.0,0.0,0.0,,3.0,,1.0,2.0,5.0,,11
0.0,,17.0,0.0,0.0,,2.0,3.0,,1.0,0.0,,2.0,1.0,0.0,,0.0,,0.0,0.0,0.0,,0.0,,2.0,2.0,1.0,1.0,2.0,,9
0.0,,22.0,0.0,0.0,,3.0,1.0,,2.0,1.0,0.0,1.0,1.0,3.0,,0.0,,0.0,1.0,1.0,,1.0,,4.0,,5.0,5.0,1.0,,7
0.0,,18.0,,,,3.0,3.0,,2.0,0.0,0.0,1.0,2.0,0.0,,,,0.0,0.0,0.0,,1.0,,3.0,3.0,1.0,3.0,5.0,,10
0.0,,16.0,0.0,0.0,,0.0,2.0,,1.0,1.0,0.0,1.0,1.0,0.0,,0.0,,0.0,1.0,0.0,,0.0,,3.0,2.0,2.0,4.0,5.0,0.0,11
0.0,,18.0,0.0,0.0,,3.0,2.0,,1.0,0.0,0.0,2.0,1.0,0.0,,0.0,,0.0,0.0,1.0,,0.0,,4.0,,2.0,4.0,5.0,,7
0.0,,16.0,0.0,0.0,,3.0,3.0,0.0,1.0,3.0,,3.0,2.0,1.0,0.0,,,0.0,1.0,0.0,,0.0,,3.0,3.0,1.0,3.0,2.0,,9
0.0,,18.0,0.0,0.0,,2.0,1.0,,2.0,1.0,0.0,1.0,1.0,2.0,,0.0,,0.0,1.0,1.0,,0.0,3.0,2.0,,2.0,5.0,5.0,,7
0.0,,16.0,,0.0,,2.0,1.0,,1.0,0.0,0.0,2.0,1.0,0.0,,0.0,,,1.0,0.0,0.0,0.0,3.0,3.0,2.0,1.0,3.0,3.0,,14
0.0,,17.0,,0.0,,2.0,1.0,,1.0,0.0,0.0,1.0,1.0,0.0,,0.0,,0.0,1.0,0.0,,0.0,,4.0,2.0,2.0,4.0,5.0,0.0,12
0.0,,17.0,0.0,,,1.0,1.0,1.0,1.0,0.0,0.0,2.0,1.0,1.0,,,,,0.0,0.0,,0.0,,4.0,,1.0,2.0,5.0,0.0,9
0.0,0.0,18.0,0.0,,0.0,2.0,1.0,,1.0,0.0,0.0,1.0,2.0,0.0,,,,0.0,1.0,0.0,,1.0,,3.0,,1.0,3.0,5.0,,12
0.0,0.0,17.0,0.0,,,4.0,2.0,,2.0,3.0,0.0,1.0,4.0,0.0,,,,,0.0,0.0,,0.0,,2.0,3.0,1.0,1.0,4.0,,14
0.0,0.0,19.0,0.0,0.0,,2.0,2.0,,2.0,2.0,0.0,1.0,2.0,0.0,,,,0.0,0.0,0.0,,0.0,,3.0,3.0,1.0,1.0,5.0,0.0,10
0.0,,18.0,0.0,,,2.0,1.0,,1.0,0.0,0.0,3.0,2.0,1.0,,0.0,,,1.0,1.0,,0.0,,4.0,,4.0,4.0,5.0,,11
0.0,0.0,17.0,,0.0,,4.0,2.0,,1.0,0.0,0.0,1.0,3.0,0.0,,,,,0.0,0.0,,0.0,,3.0,,1.0,3.0,5.0,,11
0.0,0.0,18.0,0.0,,,1.0,1.0,,4.0,2.0,0.0,1.0,3.0,0.0,,,,0.0,1.0,0.0,0.0,0.0,,4.0,3.0,2.0,3.0,3.0,,11
0.0,0.0,18.0,,0.0,,2.0,2.0,,1.0,2.0,0.0,1.0,2.0,0.0,0.0,0.0,,0.0,0.0,0.0,0.0,0.0,3.0,2.0,3.0,1.0,1.0,5.0,,11
0.0,,19.0,0.0,,0.0,4.0,3.0,,4.0,3.0,0.0,1.0,2.0,0.0,,,,0.0,0.0,0.0,,0.0,,3.0,1.0,1.0,1.0,1.0,,11
0.0,,18.0,0.0,0.0,,2.0,1.0,,1.0,2.0,0.0,1.0,2.0,0.0,,0.0,,,0.0,0.0,,0.0,,2.0,,1.0,2.0,4.0,,16
0.0,,17.0,,0.0,,2.0,2.0,,2.0,1.0,0.0,2.0,1.0,0.0,,0.0,,0.0,1.0,1.0,0.0,0.0,,2.0,2.0,1.0,1.0,4.0,0.0,9
0.0,0.0,17.0,0.0,,,2.0,2.0,,2.0,0.0,,1.0,4.0,0.0,,0.0,,,0.0,0.0,,1.0,3.0,4.0,1.0,1.0,1.0,2.0,,10
0.0,0.0,20.0,,0.0,,2.0,1.0,,1.0,0.0,,2.0,2.0,0.0,,,,,0.0,1.0,,1.0,1.0,2.0,3.0,1.0,2.0,2.0,,10
0.0,0.0,18.0,0.0,0.0,,4.0,3.0,,1.0,2.0,,1.0,2.0,0.0,,,,0.0,0.0,0.0,,1.0,3.0,1.0,2.0,1.0,3.0,2.0,2.0,15
0.0,,18.0,0.0,0.0,,4.0,3.0,,1.0,0.0,0.0,1.0,2.0,0.0,,,,0.0,1.0,0.0,,0.0,,3.0,2.0,1.0,1.0,3.0,2.0,10
0.0,,18.0,,0.0,,3.0,2.0,,1.0,0.0,0.0,1.0,3.0,0.0,,0.0,,,1.0,0.0,0.0,0.0,,3.0,2.0,1.0,1.0,3.0,,10
0.0,0.0,17.0,0.0,0.0,,3.0,3.0,,1.0,2.0,0.0,1.0,3.0,0.0,,0.0,,,1.0,0.0,0.0,0.0,3.0,2.0,3.0,1.0,1.0,4.0,,15
0.0,0.0,18.0,0.0,0.0,,2.0,2.0,0.0,2.0,2.0,0.0,1.0,3.0,0.0,,,,,0.0,0.0,,1.0,,3.0,3.0,1.0,1.0,3.0,0.0,11
0.0,,17.0,0.0,0.0,,2.0,2.0,,1.0,2.0,,2.0,1.0,0.0,,0.0,,0.0,0.0,1.0,,0.0,,4.0,,2.0,3.0,4.0,,8
0.0,,18.0,,,0.0,3.0,4.0,,1.0,3.0,0.0,2.0,2.0,0.0,,,,,0.0,0.0,,0.0,,2.0,,3.0,4.0,1.0,,15
0.0,,17.0,0.0,0.0,,3.0,1.0,,1.0,1.0,0.0,1.0,2.0,0.0,,0.0,,,0.0,0.0,,1.0,,4.0,,3.0,4.0,5.0,0.0,11
0.0,0.0,18.0,,0.0,,4.0,4.0,,1.0,3.0,0.0,2.0,2.0,0.0,,0.0,,,0.0,0.0,,0.0,,3.0,,2.0,2.0,4.0,,10
0.0,,18.0,0.0,0.0,,4.0,2.0,1.0,1.0,3.0,,1.0,2.0,0.0,,,,,0.0,0.0,,1.0,,4.0,,1.0,3.0,5.0,,10
0.0,0.0,18.0,,0.0,,2.0,1.0,,1.0,3.0,0.0,2.0,2.0,0.0,,,,0.0,0.0,1.0,,1.0,,3.0,,1.0,2.0,3.0,,8
0.0,0.0,19.0,0.0,0.0,,3.0,3.0,,2.0,2.0,,1.0,2.0,0.0,,,,,0.0,0.0,,0.0,,3.0,,3.0,3.0,5.0,,11
0.0,0.0,18.0,0.0,0.0,,2.0,3.0,2.0,2.0,3.0,,1.0,4.0,0.0,,,,,0.0,0.0,,1.0,,5.0,,1.0,3.0,2.0,,16
0.0,0.0,18.0,0.0,,,1.0,1.0,2.0,1.0,2.0,0.0,2.0,2.0,0.0,,,,0.0,1.0,0.0,0.0,0.0,,4.0,3.0,1.0,1.0,3.0,,13
0.0,,17.0,,0.0,,1.0,2.0,0.0,4.0,2.0,0.0,1.0,2.0,0.0,,,,,1.0,0.0,0.0,1.0,3.0,5.0,2.0,2.0,2.0,1.0,,16
0.0,0.0,18.0,0.0,0.0,,2.0,1.0,2.0,1.0,2.0,0.0,1.0,2.0,0.0,,,,0.0,0.0,0.0,,1.0,,2.0,,1.0,2.0,1.0,,14
0.0,0.0,17.0,0.0,0.0,,2.0,4.0,0.0,3.0,3.0,0.0,2.0,2.0,0.0,,,0.0,0.0,0.0,0.0,,1.0,,3.0,,1.0,1.0,1.0,,15
0.0,0.0,17.0,0.0,,,2.0,2.0,,1.0,0.0,0.0,2.0,2.0,0.0,0.0,,0.0,0.0,0.0,0.0,,1.0,,4.0,,2.0,3.0,5.0,,12
0.0,0.0,18.0,,0.0,0.0,3.0,2.0,2.0,2.0,2.0,0.0,2.0,2.0,0.0,,0.0,0.0,0.0,1.0,1.0,,1.0,,1.0,1.0,1.0,1.0,5.0,,12
0.0,,18.0,0.0,0.0,,4.0,4.0,,2.0,2.0,0.0,2.0,1.0,0.0,,0.0,0.0,,0.0,0.0,,0.0,3.0,2.0,,1.0,4.0,3.0,,11
0.0,0.0,18.0,0.0,0.0,,4.0,4.0,1.0,3.0,3.0,,1.0,2.0,1.0,0.0,,0.0,,0.0,0.0,,1.0,2.0,4.0,,1.0,1.0,4.0,,14
0.0,0.0,17.0,0.0,0.0,,2.0,2.0,2.0,2.0,3.0,,3.0,3.0,0.0,,,0.0,0.0,0.0,0.0,,1.0,4.0,2.0,,1.0,1.0,1.0,,13
0.0,0.0,19.0,,0.0,,3.0,2.0,,2.0,3.0,,1.0,2.0,1.0,0.0,,0.0,0.0,0.0,1.0,,0.0,3.0,3.0,,4.0,3.0,3.0,0.0,9
0.0,,18.0,0.0,,,4.0,3.0,,2.0,0.0,0.0,2.0,1.0,0.0,,0.0,0.0,,0.0,0.0,,0.0,4.0,2.0,,1.0,2.0,1.0,0.0,10
0.0,,18.0,0.0,,,1.0,2.0,0.0,1.0,2.0,,2.0,1.0,0.0,,0.0,,0.0,1.0,1.0,,0.0,3.0,4.0,,2.0,4.0,4.0,,10
0.0,,17.0,0.0,,0.0,4.0,1.0,,1.0,2.0,0.0,2.0,1.0,0.0,,0.0,0.0,,0.0,0.0,,1.0,4.0,5.0,,2.0,4.0,5.0,,11
0.0,,17.0,0.0,,0.0,3.0,2.0,,2.0,2.0,0.0,1.0,1.0,0.0,,0.0,0.0,0.0,0.0,0.0,,0.0,4.0,4.0,,3.0,4.0,3.0,,13
0.0,0.0,18.0,,,,1.0,1.0,0.0,1.0,3.0,0.0,2.0,4.0,0.0,,,0.0,,0.0,0.0,0.0,0.0,,2.0,2.0,1.0,1.0,3.0,,17
0.0,0.0,18.0,0.0,0.0,,1.0,1.0,2.0,1.0,2.0,0.0,2.0,2.0,0.0,0.0,0.0,0.0,,0.0,0.0,,0.0,,4.0,,1.0,1.0,4.0,0.0,12
0.0,0.0,17.0,0.0,0.0,,2.0,2.0,2.0,1.0,0.0,0.0,1.0,2.0,0.0,,,0.0,0.0,1.0,0.0,,0.0,,4.0,,1.0,2.0,5.0,,12
0.0,0.0,18.0,0.0,0.0,,2.0,1.0,2.0,1.0,3.0,0.0,2.0,2.0,0.0,,0.0,0.0,,0.0,0.0,,1.0,4.0,3.0,1.0,1.0,1.0,5.0,,12
0.0,,17.0,0.0,0.0,,1.0,1.0,2.0,1.0,3.0,,1.0,2.0,0.0,,0.0,0.0,0.0,1.0,0.0,,0.0,4.0,3.0,3.0,1.0,2.0,4.0,0.0,12
0.0,0.0,18.0,0.0,0.0,,2.0,2.0,0.0,4.0,1.0,0.0,1.0,3.0,0.0,,,0.0,0.0,0.0,0.0,,0.0,4.0,3.0,3.0,1.0,2.0,2.0,0.0,18
0.0,0.0,17.0,0.0,0.0,,1.0,1.0,,0.0,3.0,0.0,1.0,3.0,0.0,,,0.0,0.0,0.0,0.0,,0.0,4.0,3.0,3.0,1.0,1.0,3.0,0.0,13
0.0,,18.0,0.0,0.0,,2.0,1.0,,2.0,3.0,0.0,1.0,3.0,0.0,,0.0,0.0,,0.0,0.0,,0.0,4.0,2.0,,1.0,3.0,2.0,0.0,14
0.0,,18.0,0.0,,0.0,4.0,4.0,,0.0,3.0,0.0,1.0,2.0,0.0,,,0.0,,0.0,0.0,,0.0,,4.0,3.0,1.0,1.0,2.0,0.0,17
0.0,,18.0,0.0,0.0,,4.0,2.0,,1.0,2.0,0.0,1.0,2.0,0.0,,,0.0,,0.0,0.0,,1.0,4.0,3.0,2.0,1.0,4.0,5.0,,15
0.0,0.0,17.0,0.0,0.0,,4.0,3.0,1.0,2.0,3.0,0.0,1.0,3.0,0.0,,,0.0,0.0,0.0,0.0,,0.0,4.0,2.0,2.0,1.0,2.0,3.0,0.0,17
0.0,0.0,17.0,,,,3.0,1.0,,1.0,3.0,0.0,2.0,4.0,0.0,,,0.0,0.0,0.0,0.0,0.0,0.0,3.0,1.0,2.0,1.0,1.0,3.0,0.0,18
0.0,,18.0,,,,3.0,2.0,,1.0,3.0,0.0,2.0,3.0,0.0,,,0.0,,0.0,0.0,,0.0,,4.0,2.0,1.0,1.0,4.0,0.0,14
0.0,,17.0,0.0,0.0,,3.0,3.0,1.0,1.0,2.0,0.0,1.0,1.0,0.0,,,0.0,0.0,0.0,0.0,,0.0,4.0,4.0,3.0,1.0,3.0,5.0,0.0,14
0.0,0.0,19.0,0.0,0.0,,4.0,4.0,1.0,1.0,3.0,,2.0,2.0,0.0,,,0.0,,0.0,0.0,,0.0,2.0,3.0,,2.0,3.0,2.0,,14
0.0,0.0,18.0,0.0,,,4.0,3.0,2.0,1.0,2.0,,2.0,2.0,0.0,,,0.0,0.0,0.0,0.0,,1.0,4.0,4.0,,1.0,2.0,2.0,0.0,13
0.0,0.0,18.0,0.0,0.0,,4.0,3.0,2.0,1.0,3.0,,1.0,4.0,0.0,,,0.0,0.0,0.0,0.0,,0.0,4.0,3.0,3.0,1.0,1.0,3.0,0.0,16
0.0,,18.0,0.0,,,4.0,4.0,,0.0,2.0,0.0,1.0,1.0,0.0,,,0.0,0.0,0.0,0.0,,1.0,1.0,4.0,2.0,2.0,2.0,1.0,0.0,18
0.0,0.0,18.0,0.0,,0.0,4.0,4.0,1.0,1.0,2.0,0.0,1.0,2.0,0.0,,,,0.0,0.0,0.0,,1.0,4.0,2.0,,1.0,1.0,4.0,0.0,14
0.0,,17.0,0.0,,,4.0,4.0,2.0,0.0,2.0,,2.0,1.0,0.0,,0.0,0.0,0.0,0.0,0.0,,0.0,4.0,1.0,1.0,2.0,2.0,5.0,0.0,12
0.0,0.0,17.0,,0.0,1.0,4.0,4.0,,2.0,3.0,0.0,2.0,3.0,0.0,,,0.0,,0.0,0.0,,0.0,,3.0,,1.0,1.0,5.0,0.0,7
0.0,0.0,17.0,0.0,0.0,1.0,4.0,2.0,2.0,1.0,3.0,0.0,2.0,3.0,0.0,,,0.0,0.0,0.0,0.0,,0.0,4.0,3.0,3.0,1.0,1.0,3.0,0.0,16
0.0,0.0,17.0,0.0,0.0,1.0,3.0,2.0,1.0,3.0,3.0,,1.0,4.0,0.0,,,0.0,,1.0,0.0,,0.0,,2.0,2.0,1.0,2.0,5.0,0.0,18
0.0,,19.0,,,1.0,2.0,1.0,0.0,2.0,0.0,0.0,2.0,3.0,1.0,,0.0,0.0,,0.0,0.0,,1.0,4.0,3.0,1.0,1.0,1.0,5.0,0.0,9
0.0,,20.0,0.0,0.0,0.0,3.0,2.0,,1.0,0.0,,1.0,1.0,2.0,,0.0,0.0,,0.0,0.0,0.0,0.0,,5.0,3.0,1.0,1.0,5.0,0.0,14
0.0,,19.0,,0.0,1.0,3.0,3.0,2.0,2.0,3.0,,1.0,2.0,0.0,1.0,0.0,0.0,,0.0,0.0,0.0,1.0,4.0,5.0,3.0,1.0,2.0,5.0,0.0,10
0.0,0.0,18.0,0.0,0.0,1.0,1.0,4.0,2.0,0.0,2.0,0.0,1.0,2.0,0.0,0.0,,0.0,0.0,1.0,0.0,0.0,1.0,3.0,4.0,,1.0,2.0,5.0,,10
0.0,0.0,18.0,0.0,0.0,1.0,2.0,1.0,,1.0,0.0,0.0,2.0,2.0,0.0,1.0,,0.0,,0.0,0.0,,0.0,,3.0,3.0,1.0,2.0,1.0,,12
0.0,0.0,17.0,0.0,0.0,1.0,2.0,3.0,2.0,1.0,0.0,,2.0,2.0,0.0,1.0,0.0,0.0,,0.0,0.0,1.0,1.0,4.0,2.0,1.0,1.0,1.0,3.0,,11
0.0,0.0,17.0,,0.0,1.0,4.0,4.0,,0.0,0.0,0.0,1.0,1.0,0.0,1.0,0.0,0.0,,0.0,0.0,1.0,0.0,4.0,4.0,,1.0,1.0,5.0,,15
0.0,0.0,18.0,0.0,0.0,1.0,4.0,3.0,2.0,1.0,0.0,0.0,1.0,3.0,0.0,1.0,,0.0,,0.0,0.0,1.0,1.0,4.0,3.0,,1.0,1.0,5.0,,14
0.0,0.0,18.0,0.0,,1.0,4.0,3.0,1.0,2.0,0.0,0.0,2.0,1.0,0.0,1.0,,0.0,0.0,0.0,0.0,1.0,0.0,3.0,2.0,,1.0,4.0,1.0,,12
0.0,0.0,17.0,,0.0,1.0,3.0,4.0,0.0,2.0,0.0,,1.0,3.0,0.0,1.0,,0.0,,1.0,0.0,1.0,0.0,4.0,3.0,,2.0,5.0,5.0,,15
0.0,0.0,18.0,0.0,0.0,1.0,3.0,3.0,0.0,1.0,0.0,,1.0,2.0,0.0,1.0,,0.0,0.0,0.0,0.0,1.0,0.0,4.0,1.0,,1.0,1.0,3.0,,11
0.0,,19.0,0.0,0.0,1.0,4.0,2.0,1.0,1.0,0.0,0.0,2.0,2.0,0.0,1.0,,0.0,,0.0,0.0,1.0,1.0,,4.0,,1.0,1.0,1.0,,11
0.0,0.0,18.0,0.0,0.0,1.0,4.0,4.0,,1.0,0.0,0.0,1.0,2.0,0.0,1.0,,0.0,0.0,0.0,0.0,1.0,0.0,4.0,4.0,,3.0,3.0,5.0,0.0,12
0.0,0.0,18.0,0.0,0.0,1.0,3.0,4.0,2.0,1.0,0.0,0.0,1.0,1.0,0.0,1.0,,0.0,,0.0,0.0,1.0,1.0,,4.0,,1.0,1.0,1.0,,11
0.0,0.0,17.0,0.0,0.0,1.0,4.0,4.0,1.0,3.0,0.0,0.0,1.0,1.0,0.0,1.0,0.0,0.0,,0.0,0.0,1.0,0.0,,3.0,,1.0,2.0,5.0,,14
0.0,0.0,17.0,0.0,0.0,0.0,4.0,3.0,,2.0,0.0,0.0,1.0,2.0,0.0,1.0,,0.0,0.0,0.0,0.0,1.0,1.0,,2.0,2.0,1.0,2.0,5.0,,15
0.0,0.0,17.0,0.0,,0.0,3.0,3.0,,1.0,2.0,0.0,1.0,2.0,0.0,0.0,,0.0,0.0,0.0,0.0,1.0,0.0,,3.0,3.0,1.0,1.0,5.0,0.0,12
0.0,0.0,17.0,0.0,,1.0,2.0,1.0,2.0,1.0,2.0,,1.0,2.0,0.0,1.0,0.0,0.0,,0.0,0.0,1.0,0.0,4.0,2.0,3.0,2.0,2.0,2.0,,11
0.0,,18.0,0.0,,1.0,4.0,4.0,2.0,1.0,3.0,,1.0,1.0,0.0,1.0,,0.0,0.0,0.0,0.0,1.0,0.0,4.0,2.0,,3.0,4.0,5.0,,8
0.0,0.0,19.0,0.0,0.0,1.0,1.0,1.0,2.0,1.0,0.0,,3.0,3.0,0.0,1.0,0.0,0.0,,0.0,1.0,0.0,1.0,1.0,5.0,,4.0,3.0,5.0,,10
0.0,0.0,19.0,0.0,,0.0,1.0,1.0,2.0,1.0,0.0,,3.0,2.0,2.0,1.0,,0.0,0.0,1.0,0.0,1.0,1.0,,3.0,,1.0,1.0,4.0,,8
0.0,0.0,18.0,0.0,0.0,1.0,2.0,2.0,2.0,1.0,0.0,0.0,1.0,1.0,0.0,1.0,,0.0,,0.0,0.0,1.0,1.0,4.0,3.0,,2.0,4.0,5.0,,10
0.0,0.0,17.0,0.0,0.0,1.0,2.0,2.0,2.0,1.0,0.0,0.0,1.0,2.0,0.0,1.0,,0.0,0.0,0.0,0.0,0.0,1.0,4.0,2.0,2.0,1.0,1.0,3.0,,14
0.0,0.0,17.0,,,1.0,2.0,2.0,,2.0,0.0,0.0,1.0,3.0,0.0,1.0,,0.0,,0.0,0.0,1.0,0.0,3.0,3.0,2.0,2.0,2.0,3.0,0.0,11
0.0,0.0,17.0,0.0,0.0,1.0,3.0,1.0,,2.0,0.0,,1.0,3.0,0.0,1.0,,0.0,0.0,1.0,0.0,1.0,0.0,3.0,4.0,,2.0,3.0,5.0,0.0,17
0.0,0.0,17.0,0.0,,1.0,0.0,2.0,0.0,4.0,2.0,,2.0,3.0,0.0,1.0,0.0,0.0,0.0,0.0,0.0,1.0,0.0,3.0,3.0,,2.0,3.0,2.0,0.0,14
0.0,0.0,18.0,0.0,0.0,1.0,1.0,1.0,2.0,1.0,2.0,0.0,2.0,3.0,0.0,1.0,0.0,0.0,,0.0,0.0,1.0,0.0,4.0,5.0,,1.0,2.0,2.0,0.0,14
0.0,,18.0,0.0,0.0,1.0,4.0,4.0,,1.0,0.0,0.0,1.0,3.0,0.0,1.0,0.0,0.0,,0.0,0.0,1.0,0.0,4.0,3.0,,2.0,2.0,3.0,0.0,13
0.0,,17.0,0.0,0.0,1.0,3.0,3.0,2.0,2.0,3.0,0.0,1.0,1.0,0.0,1.0,0.0,0.0,,1.0,0.0,1.0,0.0,4.0,3.0,,3.0,5.0,5.0,0.0,17
0.0,,17.0,,0.0,1.0,2.0,2.0,,1.0,0.0,0.0,4.0,1.0,0.0,1.0,,0.0,0.0,0.0,0.0,1.0,0.0,4.0,4.0,,5.0,5.0,4.0,,11
0.0,0.0,17.0,0.0,0.0,1.0,4.0,4.0,,2.0,0.0,0.0,1.0,3.0,0.0,1.0,,0.0,,0.0,0.0,1.0,0.0,,4.0,,1.0,3.0,4.0,0.0,13
0.0,0.0,17.0,0.0,0.0,1.0,4.0,4.0,,0.0,0.0,0.0,2.0,3.0,0.0,1.0,,0.0,0.0,1.0,0.0,1.0,1.0,4.0,3.0,3.0,1.0,2.0,4.0,,15
0.0,0.0,17.0,0.0,0.0,1.0,3.0,3.0,0.0,1.0,0.0,0.0,1.0,1.0,0.0,1.0,,,,0.0,0.0,1.0,0.0,4.0,2.0,,2.0,5.0,5.0,,11
0.0,,18.0,0.0,,1.0,2.0,2.0,,1.0,0.0,0.0,1.0,4.0,0.0,1.0,,,,0.0,0.0,1.0,0.0,4.0,5.0,,2.0,4.0,5.0,0.0,11
0.0,,19.0,,0.0,1.0,3.0,2.0,0.0,2.0,2.0,,1.0,1.0,0.0,1.0,,0.0,0.0,1.0,0.0,0.0,1.0,,3.0,,2.0,2.0,5.0,0.0,11
0.0,0.0,18.0,0.0,0.0,1.0,2.0,2.0,0.0,1.0,0.0,0.0,4.0,2.0,0.0,1.0,0.0,0.0,,0.0,0.0,0.0,1.0,4.0,2.0,,1.0,1.0,2.0,,10
0.0,0.0,17.0,,0.0,1.0,2.0,4.0,0.0,1.0,0.0,,1.0,3.0,0.0,1.0,,0.0,0.0,0.0,0.0,1.0,1.0,4.0,4.0,3.0,1.0,1.0,5.0,0.0,15
0.0,,18.0,0.0,0.0,1.0,2.0,2.0,,1.0,3.0,0.0,1.0,1.0,0.0,1.0,0.0,0.0,0.0,1.0,0.0,1.0,0.0,,4.0,2.0,1.0,2.0,5.0,,15
0.0,0.0,18.0,0.0,0.0,1.0,3.0,3.0,,2.0,2.0,0.0,1.0,2.0,0.0,1.0,0.0,0.0,,0.0,0.0,1.0,0.0,,3.0,,1.0,1.0,4.0,,10
0.0,0.0,18.0,0.0,,1.0,2.0,2.0,,1.0,2.0,,1.0,2.0,0.0,1.0,0.0,0.0,,1.0,0.0,1.0,1.0,4.0,3.0,3.0,1.0,1.0,2.0,0.0,10
0.0,0.0,18.0,,0.0,1.0,2.0,2.0,0.0,1.0,0.0,0.0,2.0,4.0,0.0,1.0,0.0,0.0,,0.0,0.0,0.0,0.0,4.0,4.0,,1.0,1.0,4.0,,14
0.0,0.0,17.0,0.0,0.0,1.0,3.0,4.0,,1.0,0.0,0.0,1.0,3.0,0.0,1.0,0.0,0.0,0.0,0.0,0.0,1.0,0.0,4.0,4.0,,1.0,3.0,5.0,,11
0.0,0.0,17.0,0.0,0.0,1.0,3.0,2.0,,1.0,2.0,0.0,1.0,2.0,0.0,1.0,,0.0,0.0,0.0,0.0,1.0,1.0,4.0,3.0,2.0,2.0,3.0,2.0,0.0,12
0.0,0.0,18.0,0.0,,1.0,3.0,3.0,,2.0,2.0,0.0,1.0,4.0,0.0,1.0,,0.0,0.0,0.0,0.0,1.0,0.0,,3.0,3.0,1.0,1.0,1.0,,14
0.0,0.0,17.0,,0.0,0.0,3.0,2.0,,1.0,2.0,0.0,1.0,2.0,0.0,1.0,,0.0,0.0,0.0,0.0,1.0,0.0,4.0,3.0,3.0,2.0,3.0,2.0,0.0,14
0.0,,18.0,0.0,0.0,1.0,4.0,4.0,,2.0,2.0,,1.0,2.0,0.0,1.0,,0.0,,0.0,0.0,1.0,0.0,4.0,3.0,3.0,2.0,2.0,2.0,0.0,12
0.0,,18.0,0.0,,1.0,3.0,4.0,,1.0,2.0,0.0,1.0,2.0,0.0,1.0,0.0,0.0,,0.0,0.0,1.0,1.0,4.0,3.0,3.0,1.0,3.0,5.0,,16
0.0,0.0,17.0,0.0,0.0,0.0,2.0,2.0,0.0,4.0,2.0,,1.0,2.0,0.0,1.0,,0.0,0.0,0.0,0.0,1.0,1.0,3.0,3.0,1.0,1.0,2.0,4.0,,10
0.0,0.0,18.0,0.0,0.0,1.0,2.0,3.0,0.0,1.0,0.0,0.0,1.0,3.0,0.0,1.0,,0.0,0.0,0.0,0.0,1.0,0.0,4.0,3.0,3.0,1.0,2.0,3.0,0.0,11
0.0,0.0,18.0,0.0,0.0,1.0,3.0,2.0,,2.0,1.0,0.0,1.0,3.0,0.0,1.0,0.0,0.0,0.0,0.0,0.0,1.0,1.0,,4.0,3.0,2.0,3.0,1.0,,14
0.0,,18.0,,0.0,1.0,4.0,3.0,,2.0,0.0,0.0,1.0,3.0,0.0,1.0,0.0,0.0,0.0,0.0,0.0,1.0,1.0,,3.0,2.0,1.0,2.0,4.0,,15
0.0,,18.0,0.0,0.0,1.0,4.0,3.0,,1.0,0.0,0.0,1.0,3.0,0.0,1.0,,0.0,0.0,0.0,0.0,1.0,1.0,,4.0,,2.0,3.0,5.0,0.0,14
0.0,0.0,17.0,0.0,0.0,1.0,4.0,3.0,1.0,1.0,3.0,0.0,1.0,3.0,0.0,1.0,,0.0,,0.0,0.0,1.0,1.0,4.0,4.0,3.0,1.0,3.0,4.0,0.0,11
0.0,0.0,17.0,0.0,0.0,1.0,2.0,1.0,,1.0,0.0,0.0,2.0,2.0,0.0,1.0,,0.0,,0.0,0.0,1.0,1.0,4.0,3.0,,2.0,2.0,1.0,,12
0.0,0.0,17.0,0.0,0.0,1.0,2.0,1.0,,1.0,3.0,0.0,1.0,2.0,0.0,1.0,,0.0,,0.0,0.0,1.0,0.0,4.0,3.0,,2.0,4.0,4.0,,12
0.0,0.0,19.0,0.0,,0.0,2.0,3.0,0.0,1.0,2.0,,2.0,1.0,1.0,1.0,0.0,0.0,0.0,0.0,1.0,1.0,0.0,2.0,2.0,3.0,3.0,4.0,5.0,,10
0.0,0.0,17.0,0.0,0.0,1.0,3.0,1.0,,4.0,2.0,0.0,1.0,1.0,1.0,1.0,,,0.0,0.0,0.0,1.0,1.0,4.0,1.0,2.0,1.0,1.0,3.0,,10
0.0,0.0,21.0,0.0,,1.0,4.0,4.0,,1.0,3.0,,1.0,3.0,2.0,1.0,0.0,,,0.0,0.0,1.0,0.0,3.0,3.0,2.0,1.0,1.0,5.0,0.0,9
0.0,,18.0,0.0,,1.0,2.0,2.0,,2.0,3.0,0.0,1.0,2.0,0.0,1.0,,0.0,,1.0,1.0,1.0,0.0,4.0,4.0,,1.0,3.0,3.0,,9
0.0,,18.0,0.0,,0.0,3.0,4.0,,1.0,3.0,,1.0,2.0,0.0,1.0,0.0,0.0,,0.0,0.0,1.0,1.0,4.0,3.0,,1.0,4.0,2.0,,13
0.0,0.0,17.0,0.0,0.0,1.0,2.0,2.0,,2.0,3.0,0.0,1.0,2.0,0.0,1.0,,0.0,,0.0,0.0,1.0,0.0,4.0,3.0,,1.0,3.0,4.0,0.0,13
0.0,,17.0,0.0,,0.0,4.0,4.0,1.0,1.0,3.0,0.0,1.0,3.0,0.0,1.0,,0.0,0.0,0.0,0.0,1.0,0.0,4.0,4.0,2.0,1.0,2.0,4.0,,12
0.0,0.0,18.0,0.0,,1.0,4.0,2.0,,1.0,0.0,0.0,1.0,2.0,0.0,1.0,,0.0,,0.0,0.0,1.0,0.0,,2.0,2.0,1.0,1.0,3.0,0.0,14
0.0,,21.0,,,1.0,1.0,1.0,0.0,1.0,0.0,,2.0,2.0,2.0,1.0,,0.0,,0.0,1.0,1.0,1.0,,3.0,3.0,5.0,2.0,4.0,,9
0.0,0.0,20.0,,0.0,1.0,1.0,1.0,2.0,1.0,3.0,,2.0,3.0,0.0,1.0,0.0,0.0,0.0,0.0,0.0,1.0,1.0,3.0,2.0,2.0,1.0,3.0,3.0,,11
0.0,0.0,19.0,0.0,0.0,1.0,4.0,4.0,,1.0,2.0,,1.0,1.0,1.0,1.0,,0.0,0.0,0.0,0.0,1.0,1.0,3.0,2.0,,4.0,4.0,5.0,,9
0.0,,17.0,0.0,,0.0,3.0,2.0,2.0,1.0,3.0,0.0,1.0,2.0,0.0,1.0,,0.0,0.0,0.0,0.0,1.0,0.0,,4.0,,1.0,2.0,5.0,,16
0.0,0.0,18.0,0.0,0.0,1.0,3.0,2.0,0.0,1.0,3.0,,1.0,3.0,0.0,1.0,,0.0,0.0,0.0,0.0,1.0,1.0,,3.0,,1.0,2.0,2.0,,14
0.0,,18.0,,0.0,1.0,2.0,3.0,2.0,2.0,3.0,,1.0,1.0,0.0,1.0,0.0,0.0,0.0,0.0,0.0,1.0,0.0,3.0,1.0,3.0,4.0,5.0,4.0,,13
0.0,,19.0,0.0,0.0,1.0,2.0,1.0,2.0,1.0,3.0,0.0,1.0,1.0,0.0,1.0,0.0,0.0,0.0,0.0,0.0,1.0,0.0,,3.0,,1.0,4.0,4.0,,7
0.0,0.0,18.0,0.0,,0.0,2.0,2.0,,1.0,3.0,0.0,2.0,2.0,0.0,1.0,,0.0,0.0,0.0,0.0,1.0,0.0,,1.0,,1.0,3.0,4.0,,14
0.0,0.0,20.0,0.0,0.0,1.0,1.0,0.0,2.0,1.0,3.0,0.0,2.0,1.0,1.0,0.0,0.0,0.0,0.0,0.0,0.0,1.0,1.0,,3.0,1.0,1.0,1.0,5.0,,8
0.0,0.0,18.0,0.0,0.0,1.0,3.0,2.0,,1.0,2.0,0.0,1.0,2.0,0.0,1.0,,0.0,,1.0,0.0,1.0,1.0,3.0,1.0,2.0,1.0,2.0,1.0,,10
,0.0,16.0,0.0,0.0,1.0,1.0,3.0,0.0,1.0,1.0,,2.0,1.0,0.0,1.0,,0.0,0.0,0.0,1.0,1.0,1.0,,3.0,3.0,1.0,3.0,5.0,,10
,0.0,16.0,,0.0,1.0,2.0,2.0,2.0,1.0,0.0,0.0,2.0,2.0,0.0,1.0,,0.0,,0.0,0.0,1.0,0.0,,4.0,,1.0,1.0,5.0,0.0,12
,0.0,15.0,,0.0,1.0,1.0,1.0,0.0,2.0,1.0,0.0,1.0,1.0,1.0,1.0,,0.0,0.0,0.0,0.0,0.0,1.0,,1.0,3.0,1.0,1.0,2.0,,10
,0.0,15.0,,0.0,1.0,3.0,3.0,0.0,1.0,0.0,0.0,2.0,1.0,0.0,1.0,,0.0,0.0,0.0,0.0,1.0,0.0,,4.0,,2.0,3.0,5.0,,10
,0.0,16.0,,0.0,1.0,2.0,3.0,0.0,2.0,0.0,0.0,2.0,2.0,0.0,1.0,0.0,0.0,0.0,0.0,0.0,0.0,0.0,,5.0,2.0,1.0,2.0,5.0,0.0,16
,0.0,15.0,,,1.0,2.0,1.0,0.0,1.0,2.0,0.0,2.0,1.0,0.0,1.0,0.0,0.0,0.0,0.0,1.0,0.0,0.0,1.0,3.0,,1.0,1.0,1.0,0.0,6
,,16.0,,,0.0,4.0,4.0,0.0,1.0,2.0,0.0,1.0,2.0,0.0,1.0,,0.0,0.0,0.0,0.0,0.0,0.0,,3.0,2.0,1.0,3.0,2.0,,10
,,16.0,0.0,0.0,0.0,1.0,2.0,,1.0,1.0,0.0,1.0,3.0,0.0,0.0,0.0,0.0,0.0,0.0,0.0,1.0,0.0,,4.0,3.0,1.0,1.0,5.0,0.0,10
,0.0,17.0,,0.0,1.0,3.0,2.0,0.0,1.0,0.0,,1.0,2.0,1.0,1.0,0.0,0.0,0.0,0.0,0.0,0.0,1.0,,5.0,,1.0,2.0,5.0,0.0,10
,0.0,17.0,,0.0,1.0,1.0,1.0,,1.0,1.0,,1.0,1.0,1.0,1.0,,0.0,0.0,1.0,1.0,1.0,0.0,,4.0,,2.0,2.0,5.0,0.0,6
,0.0,15.0,,0.0,1.0,4.0,4.0,,1.0,0.0,0.0,2.0,1.0,0.0,1.0,0.0,0.0,0.0,0.0,0.0,1.0,1.0,1.0,5.0,1.0,3.0,5.0,5.0,0.0,13
,0.0,16.0,0.0,,0.0,2.0,2.0,0.0,1.0,3.0,0.0,2.0,4.0,0.0,1.0,0.0,0.0,,1.0,1.0,0.0,1.0,1.0,2.0,1.0,1.0,1.0,1.0,,10
,0.0,15.0,,,1.0,1.0,1.0,0.0,2.0,3.0,,2.0,2.0,0.0,1.0,,0.0,0.0,0.0,0.0,1.0,0.0,,4.0,3.0,1.0,2.0,4.0,0.0,10
,0.0,15.0,,,1.0,1.0,1.0,,2.0,0.0,0.0,2.0,1.0,1.0,1.0,,0.0,0.0,0.0,0.0,1.0,1.0,,4.0,,1.0,2.0,2.0,,6
,0.0,16.0,,0.0,1.0,0.0,2.0,,1.0,1.0,0.0,2.0,1.0,0.0,1.0,,0.0,,0.0,0.0,0.0,0.0,3.0,2.0,,1.0,2.0,2.0,0.0,12
,0.0,17.0,,0.0,1.0,2.0,3.0,,1.0,0.0,0.0,2.0,1.0,0.0,1.0,,0.0,0.0,0.0,0.0,1.0,0.0,,5.0,,1.0,3.0,3.0,,10
,0.0,15.0,,0.0,1.0,3.0,3.0,,2.0,0.0,,2.0,1.0,0.0,1.0,0.0,0.0,0.0,1.0,0.0,,0.0,,1.0,,1.0,1.0,4.0,0.0,14
,,16.0,0.0,0.0,1.0,1.0,1.0,0.0,2.0,2.0,0.0,2.0,2.0,0.0,1.0,,0.0,,0.0,0.0,0.0,1.0,,4.0,,4.0,5.0,3.0,0.0,7
,,17.0,0.0,0.0,1.0,1.0,1.0,,1.0,2.0,0.0,1.0,2.0,0.0,1.0,0.0,,0.0,1.0,0.0,,0.0,,4.0,,2.0,4.0,5.0,,8
,,15.0,,,1.0,4.0,1.0,1.0,2.0,3.0,,1.0,2.0,0.0,1.0,,0.0,,0.0,0.0,1.0,0.0,,3.0,,1.0,2.0,2.0,0.0,12
,,15.0,,,1.0,4.0,1.0,1.0,2.0,3.0,,1.0,2.0,0.0,1.0,,0.0,,0.0,0.0,,0.0,,3.0,,1.0,2.0,2.0,,7
,,16.0,,0.0,1.0,3.0,4.0,,3.0,1.0,0.0,3.0,2.0,0.0,1.0,0.0,0.0,0.0,1.0,0.0,0.0,0.0,3.0,4.0,,1.0,2.0,5.0,,9
,,15.0,,0.0,1.0,1.0,1.0,,1.0,0.0,0.0,4.0,2.0,0.0,1.0,,0.0,,0.0,0.0,0.0,1.0,,4.0,,2.0,4.0,4.0,,7
,,15.0,0.0,,1.0,3.0,3.0,0.0,4.0,3.0,,1.0,2.0,0.0,1.0,,0.0,,0.0,0.0,,0.0,,3.0,3.0,1.0,1.0,5.0,0.0,11
,,17.0,,0.0,1.0,2.0,1.0,,1.0,1.0,0.0,3.0,1.0,0.0,1.0,0.0,0.0,,0.0,1.0,0.0,1.0,,5.0,,5.0,5.0,3.0,,8
,0.0,16.0,,0.0,1.0,4.0,4.0,,0.0,0.0,0.0,2.0,3.0,0.0,1.0,0.0,0.0,,0.0,0.0,,1.0,,2.0,2.0,1.0,1.0,4.0,,16
,0.0,15.0,,0.0,1.0,1.0,2.0,2.0,2.0,0.0,0.0,2.0,1.0,0.0,1.0,0.0,0.0,0.0,0.0,0.0,0.0,0.0,,1.0,2.0,1.0,1.0,1.0,,11
,0.0,16.0,,0.0,1.0,2.0,3.0,,2.0,0.0,0.0,3.0,2.0,0.0,1.0,,0.0,0.0,0.0,0.0,,0.0,,5.0,,1.0,2.0,1.0,2.0,15
,,16.0,,0.0,1.0,1.0,2.0,,1.0,0.0,,2.0,2.0,0.0,1.0,0.0,0.0,0.0,0.0,0.0,0.0,0.0,,3.0,3.0,1.0,1.0,5.0,0.0,10
,0.0,16.0,,0.0,1.0,2.0,2.0,,1.0,0.0,0.0,3.0,2.0,0.0,1.0,,0.0,0.0,0.0,0.0,,0.0,,4.0,,1.0,1.0,4.0,,9
,0.0,16.0,0.0,0.0,1.0,1.0,2.0,,2.0,0.0,0.0,1.0,3.0,1.0,1.0,,0.0,0.0,0.0,0.0,0.0,0.0,1.0,3.0,2.0,1.0,2.0,4.0,0.0,10
,0.0,16.0,0.0,0.0,1.0,1.0,2.0,,2.0,0.0,0.0,1.0,3.0,1.0,1.0,,0.0,0.0,0.0,0.0,0.0,0.0,1.0,3.0,2.0,1.0,2.0,4.0,,9
,0.0,15.0,0.0,0.0,1.0,2.0,1.0,0.0,1.0,2.0,0.0,1.0,2.0,0.0,0.0,,0.0,0.0,1.0,0.0,,0.0,,4.0,2.0,3.0,3.0,2.0,0.0,9
,0.0,16.0,0.0,0.0,1.0,1.0,1.0,0.0,1.0,0.0,,1.0,2.0,0.0,1.0,,0.0,0.0,1.0,0.0,0.0,1.0,,4.0,3.0,2.0,1.0,2.0,0.0,13
,,17.0,,,1.0,1.0,2.0,0.0,2.0,3.0,0.0,1.0,1.0,0.0,1.0,,0.0,,0.0,0.0,,0.0,,5.0,,5.0,5.0,3.0,,10
,0.0,16.0,,0.0,1.0,1.0,1.0,,1.0,2.0,,4.0,4.0,0.0,1.0,,0.0,0.0,1.0,0.0,,0.0,,3.0,2.0,1.0,1.0,1.0,0.0,13
,0.0,16.0,,0.0,1.0,1.0,1.0,0.0,1.0,1.0,,4.0,3.0,0.0,0.0,,0.0,0.0,0.0,0.0,0.0,0.0,,4.0,3.0,1.0,1.0,5.0,,10
,0.0,15.0,,0.0,1.0,1.0,1.0,0.0,1.0,2.0,,2.0,2.0,0.0,1.0,,0.0,,0.0,0.0,,0.0,,3.0,3.0,1.0,1.0,2.0,1.0,11
,0.0,16.0,,0.0,1.0,1.0,1.0,0.0,1.0,1.0,0.0,2.0,1.0,0.0,1.0,0.0,0.0,,0.0,0.0,,1.0,,2.0,2.0,4.0,3.0,2.0,0.0,13
,0.0,15.0,,0.0,1.0,1.0,1.0,0.0,4.0,0.0,,3.0,2.0,0.0,1.0,,0.0,0.0,0.0,0.0,0.0,0.0,,2.0,1.0,1.0,2.0,2.0,0.0,13
,0.0,15.0,,,1.0,2.0,2.0,2.0,1.0,1.0,,1.0,3.0,0.0,0.0,,0.0,0.0,0.0,0.0,0.0,0.0,,4.0,3.0,2.0,2.0,5.0,,14
,,16.0,,0.0,,1.0,1.0,0.0,1.0,1.0,,2.0,1.0,0.0,1.0,0.0,0.0,,0.0,0.0,0.0,0.0,3.0,4.0,,3.0,4.0,5.0,,11
,0.0,18.0,0.0,0.0,1.0,1.0,2.0,2.0,1.0,0.0,,1.0,2.0,1.0,1.0,,0.0,,0.0,0.0,,1.0,3.0,4.0,,2.0,3.0,5.0,,9
,,15.0,0.0,0.0,,3.0,1.0,2.0,2.0,2.0,0.0,2.0,1.0,0.0,1.0,,0.0,0.0,0.0,0.0,0.0,0.0,3.0,2.0,3.0,1.0,3.0,4.0,0.0,10
,0.0,16.0,,0.0,,2.0,2.0,2.0,2.0,0.0,,3.0,2.0,0.0,1.0,,0.0,,0.0,0.0,,0.0,,3.0,,1.0,1.0,2.0,1.0,14
,,15.0,0.0,0.0,,2.0,2.0,1.0,1.0,3.0,0.0,3.0,1.0,0.0,1.0,0.0,0.0,0.0,0.0,0.0,0.0,0.0,,3.0,,1.0,2.0,4.0,1.0,13
,,16.0,0.0,0.0,,4.0,4.0,2.0,0.0,0.0,,1.0,2.0,0.0,1.0,,0.0,,0.0,0.0,0.0,1.0,,3.0,1.0,1.0,1.0,3.0,0.0,13
,0.0,15.0,,0.0,1.0,3.0,3.0,,1.0,3.0,0.0,1.0,2.0,0.0,1.0,,0.0,0.0,0.0,0.0,,1.0,,5.0,,1.0,1.0,1.0,,13
,0.0,16.0,,0.0,,2.0,2.0,0.0,1.0,0.0,0.0,2.0,2.0,1.0,1.0,,0.0,,1.0,0.0,0.0,0.0,,4.0,,2.0,3.0,5.0,,12
,0.0,16.0,,,,2.0,2.0,2.0,1.0,2.0,,3.0,1.0,0.0,1.0,,0.0,,0.0,0.0,0.0,1.0,,3.0,2.0,1.0,1.0,4.0,0.0,14
,,16.0,0.0,,,2.0,1.0,0.0,2.0,0.0,0.0,2.0,1.0,0.0,1.0,,0.0,,0.0,0.0,,0.0,2.0,4.0,3.0,2.0,3.0,4.0,,10
,,15.0,,,,1.0,3.0,0.0,1.0,3.0,,3.0,1.0,0.0,1.0,,0.0,,0.0,0.0,,0.0,4.0,2.0,,3.0,5.0,3.0,,10
,0.0,15.0,0.0,0.0,,2.0,2.0,2.0,2.0,0.0,0.0,2.0,3.0,0.0,1.0,,0.0,,0.0,0.0,0.0,0.0,,3.0,2.0,1.0,1.0,4.0,0.0,12
,0.0,16.0,,,,2.0,1.0,2.0,1.0,2.0,0.0,1.0,1.0,0.0,1.0,,0.0,0.0,0.0,0.0,,1.0,,4.0,3.0,1.0,1.0,5.0,,10
,,15.0,0.0,0.0,,3.0,3.0,,2.0,0.0,,2.0,1.0,0.0,1.0,,0.0,,1.0,0.0,,0.0,4.0,3.0,3.0,2.0,4.0,3.0,,12
,0.0,16.0,,0.0,,1.0,1.0,0.0,1.0,0.0,,2.0,2.0,3.0,0.0,,0.0,0.0,0.0,0.0,0.0,0.0,3.0,4.0,3.0,1.0,1.0,1.0,0.0,7
,0.0,17.0,0.0,0.0,,2.0,2.0,,4.0,0.0,0.0,1.0,1.0,0.0,1.0,,0.0,,0.0,1.0,0.0,0.0,4.0,5.0,3.0,1.0,1.0,5.0,,9
,0.0,19.0,0.0,0.0,,2.0,3.0,0.0,2.0,0.0,,1.0,1.0,1.0,1.0,0.0,0.0,0.0,0.0,1.0,,1.0,4.0,4.0,,1.0,1.0,2.0,0.0,9
,0.0,17.0,,0.0,,2.0,1.0,0.0,1.0,0.0,0.0,3.0,1.0,0.0,1.0,,0.0,,0.0,1.0,0.0,1.0,,5.0,3.0,1.0,1.0,3.0,,9
,0.0,15.0,,,,1.0,1.0,0.0,1.0,0.0,0.0,2.0,1.0,0.0,1.0,,0.0,0.0,0.0,1.0,0.0,1.0,,2.0,1.0,1.0,3.0,4.0,0.0,9
,0.0,16.0,,0.0,,2.0,2.0,2.0,1.0,0.0,,3.0,2.0,0.0,1.0,,0.0,0.0,0.0,1.0,,0.0,3.0,4.0,,1.0,2.0,1.0,1.0,9
,0.0,16.0,0.0,,0.0,2.0,2.0,2.0,1.0,2.0,0.0,1.0,1.0,0.0,1.0,,,0.0,0.0,1.0,0.0,0.0,4.0,3.0,,1.0,2.0,1.0,,7
,0.0,17.0,,0.0,,2.0,2.0,0.0,1.0,0.0,0.0,2.0,2.0,0.0,1.0,,,0.0,0.0,0.0,,0.0,4.0,3.0,,1.0,2.0,4.0,0.0,11
,0.0,16.0,0.0,0.0,,2.0,2.0,2.0,2.0,0.0,,1.0,1.0,1.0,1.0,,,,1.0,0.0,,0.0,4.0,4.0,3.0,1.0,4.0,3.0,1.0,9
,0.0,18.0,,,0.0,3.0,2.0,2.0,1.0,0.0,,2.0,3.0,2.0,1.0,,,0.0,1.0,1.0,0.0,1.0,3.0,3.0,2.0,1.0,1.0,2.0,,7
,0.0,19.0,0.0,0.0,,1.0,1.0,0.0,2.0,0.0,0.0,1.0,3.0,1.0,1.0,0.0,,,0.0,1.0,0.0,1.0,,3.0,1.0,1.0,1.0,3.0,,7
,,18.0,,0.0,,1.0,1.0,,1.0,2.0,0.0,2.0,1.0,1.0,1.0,0.0,,,0.0,1.0,,0.0,4.0,4.0,3.0,3.0,4.0,4.0,0.0,8
,0.0,18.0,,0.0,,1.0,1.0,0.0,4.0,0.0,0.0,2.0,1.0,1.0,,0.0,,0.0,1.0,1.0,,1.0,3.0,2.0,,1.0,1.0,2.0,,9
,0.0,19.0,0.0,0.0,,1.0,1.0,2.0,1.0,0.0,,2.0,2.0,1.0,1.0,,,0.0,0.0,0.0,,1.0,1.0,1.0,,4.0,1.0,1.0,,7
,0.0,16.0,,0.0,0.0,2.0,2.0,1.0,1.0,0.0,0.0,1.0,2.0,0.0,,0.0,,0.0,1.0,0.0,0.0,1.0,3.0,3.0,2.0,1.0,1.0,3.0,,8
,0.0,17.0,0.0,0.0,,0.0,1.0,,4.0,0.0,,2.0,1.0,0.0,,0.0,,,1.0,0.0,0.0,0.0,2.0,4.0,,3.0,5.0,5.0,,9
,0.0,16.0,,,,1.0,2.0,0.0,1.0,0.0,0.0,1.0,2.0,0.0,,0.0,,,0.0,1.0,,0.0,4.0,4.0,,1.0,3.0,3.0,0.0,8
,0.0,16.0,0.0,0.0,,3.0,3.0,,1.0,3.0,0.0,1.0,1.0,0.0,,0.0,,,0.0,1.0,,1.0,,5.0,,1.0,1.0,4.0,0.0,14
,0.0,16.0,,,,1.0,1.0,,2.0,2.0,0.0,1.0,1.0,0.0,,,,,0.0,0.0,,1.0,,4.0,,2.0,2.0,4.0,,14
,,17.0,0.0,0.0,,3.0,3.0,,4.0,0.0,0.0,2.0,4.0,1.0,,,,,0.0,0.0,0.0,0.0,,4.0,,3.0,4.0,5.0,0.0,10
,0.0,16.0,0.0,0.0,,2.0,1.0,2.0,2.0,0.0,0.0,1.0,2.0,0.0,,,,,0.0,0.0,,0.0,,3.0,3.0,1.0,1.0,1.0,0.0,14
,0.0,16.0,0.0,0.0,,2.0,2.0,,1.0,0.0,0.0,1.0,1.0,0.0,,,,,0.0,0.0,0.0,1.0,,2.0,,1.0,2.0,5.0,0.0,17
,,17.0,0.0,0.0,,1.0,2.0,,1.0,0.0,,1.0,1.0,1.0,,,0.0,,0.0,1.0,,1.0,,3.0,,5.0,5.0,1.0,,6
,,16.0,0.0,,,4.0,3.0,,1.0,0.0,,1.0,1.0,0.0,,0.0,0.0,,0.0,0.0,,0.0,,2.0,,1.0,5.0,5.0,,14
,,17.0,,,,2.0,2.0,,2.0,1.0,0.0,3.0,4.0,1.0,,,0.0,0.0,0.0,0.0,0.0,0.0,1.0,3.0,,3.0,5.0,3.0,,10
,0.0,16.0,0.0,,,1.0,1.0,,1.0,0.0,,1.0,4.0,0.0,0.0,,0.0,,0.0,0.0,1.0,0.0,2.0,2.0,1.0,1.0,1.0,5.0,0.0,14
,0.0,19.0,0.0,,,2.0,2.0,,1.0,2.0,0.0,1.0,3.0,0.0,,0.0,0.0,0.0,0.0,0.0,1.0,1.0,,4.0,,1.0,1.0,1.0,0.0,12
,0.0,17.0,,,,1.0,1.0,0.0,1.0,3.0,0.0,2.0,1.0,0.0,,,0.0,,1.0,0.0,1.0,1.0,,4.0,,1.0,2.0,5.0,0.0,11
,0.0,20.0,0.0,,,3.0,3.0,0.0,2.0,1.0,0.0,2.0,2.0,1.0,,0.0,0.0,,0.0,0.0,1.0,1.0,3.0,3.0,,2.0,4.0,3.0,,11
,0.0,17.0,0.0,,,1.0,1.0,,2.0,0.0,,1.0,3.0,0.0,,,0.0,0.0,0.0,0.0,0.0,1.0,4.0,3.0,,1.0,1.0,3.0,0.0,11
,,17.0,,,,2.0,2.0,,1.0,0.0,0.0,3.0,1.0,1.0,,,0.0,0.0,1.0,0.0,,0.0,4.0,4.0,,1.0,2.0,5.0,0.0,10
,0.0,16.0,,,,1.0,1.0,0.0,1.0,0.0,,3.0,2.0,0.0,,,0.0,0.0,0.0,0.0,0.0,0.0,,3.0,2.0,1.0,1.0,1.0,0.0,16
,0.0,17.0,,0.0,,2.0,2.0,,1.0,3.0,,2.0,2.0,0.0,,1.0,0.0,,0.0,0.0,0.0,0.0,,3.0,2.0,1.0,1.0,1.0,0.0,15
,0.0,17.0,0.0,0.0,0.0,1.0,0.0,,1.0,1.0,,2.0,2.0,0.0,,0.0,0.0,0.0,0.0,0.0,,1.0,4.0,4.0,,1.0,1.0,4.0,1.0,11
,0.0,18.0,,0.0,,1.0,1.0,0.0,1.0,1.0,0.0,1.0,2.0,1.0,1.0,1.0,0.0,0.0,0.0,0.0,,1.0,4.0,3.0,2.0,1.0,1.0,5.0,,7
,0.0,16.0,0.0,0.0,,3.0,1.0,,1.0,0.0,0.0,1.0,1.0,0.0,,0.0,0.0,,0.0,0.0,,0.0,3.0,1.0,3.0,1.0,3.0,1.0,0.0,8
,0.0,16.0,0.0,0.0,,3.0,2.0,,4.0,0.0,0.0,1.0,1.0,0.0,,0.0,0.0,0.0,0.0,0.0,,0.0,3.0,1.0,3.0,1.0,4.0,3.0,,7
,0.0,18.0,0.0,,,1.0,1.0,,4.0,3.0,0.0,2.0,2.0,0.0,0.0,0.0,0.0,0.0,0.0,0.0,0.0,0.0,2.0,3.0,,1.0,4.0,3.0,,9
,0.0,16.0,,0.0,,4.0,4.0,1.0,0.0,3.0,,1.0,2.0,0.0,,0.0,0.0,,1.0,0.0,,1.0,,3.0,3.0,2.0,3.0,2.0,0.0,14
,0.0,16.0,,,,1.0,2.0,,1.0,3.0,0.0,2.0,1.0,0.0,,0.0,0.0,,0.0,0.0,,0.0,,4.0,,1.0,4.0,2.0,0.0,14
,0.0,18.0,0.0,0.0,0.0,2.0,4.0,2.0,2.0,3.0,,1.0,2.0,1.0,,,0.0,0.0,0.0,0.0,,0.0,2.0,3.0,2.0,1.0,3.0,1.0,,8
,,16.0,,0.0,,2.0,1.0,2.0,2.0,3.0,0.0,2.0,2.0,0.0,,0.0,,,0.0,0.0,,0.0,,2.0,1.0,1.0,1.0,2.0,0.0,8
,0.0,16.0,0.0,,,1.0,1.0,0.0,1.0,1.0,0.0,3.0,2.0,0.0,,,,0.0,0.0,0.0,,0.0,4.0,3.0,2.0,1.0,3.0,5.0,,6
,0.0,16.0,,0.0,,2.0,3.0,0.0,2.0,1.0,0.0,2.0,2.0,0.0,,,,,0.0,0.0,,0.0,3.0,3.0,3.0,1.0,1.0,2.0,0.0,8
,0.0,16.0,0.0,0.0,,4.0,4.0,1.0,3.0,0.0,0.0,1.0,2.0,0.0,,,,0.0,0.0,0.0,,1.0,4.0,3.0,,1.0,2.0,3.0,,8
,,18.0,0.0,,,4.0,4.0,0.0,3.0,2.0,0.0,1.0,4.0,0.0,,,,,0.0,1.0,,1.0,,5.0,,5.0,5.0,5.0,,5
,0.0,16.0,,,,3.0,4.0,0.0,1.0,1.0,0.0,3.0,2.0,0.0,,,,0.0,1.0,0.0,0.0,0.0,4.0,2.0,1.0,1.0,1.0,2.0,,7
,,17.0,0.0,,,4.0,4.0,2.0,2.0,2.0,0.0,1.0,3.0,0.0,,,,0.0,0.0,0.0,,0.0,4.0,4.0,3.0,1.0,2.0,5.0,0.0,15
,0.0,17.0,,,,4.0,1.0,2.0,1.0,1.0,,1.0,1.0,0.0,,0.0,,0.0,0.0,0.0,1.0,1.0,4.0,2.0,3.0,1.0,2.0,5.0,1.0,13
,,16.0,0.0,,,2.0,2.0,,2.0,1.0,0.0,4.0,3.0,0.0,,0.0,,0.0,0.0,0.0,0.0,0.0,,1.0,3.0,2.0,2.0,3.0,0.0,10
,0.0,17.0,,0.0,,2.0,2.0,0.0,1.0,1.0,0.0,1.0,1.0,0.0,,,,0.0,0.0,0.0,,0.0,,1.0,3.0,1.0,2.0,5.0,,9
,0.0,16.0,0.0,,,4.0,4.0,,2.0,1.0,,2.0,1.0,0.0,,,,0.0,0.0,0.0,0.0,0.0,,1.0,3.0,1.0,2.0,5.0,1.0,11
,,17.0,0.0,0.0,1.0,3.0,3.0,,2.0,2.0,0.0,1.0,1.0,0.0,,,,,0.0,0.0,1.0,0.0,4.0,1.0,,5.0,5.0,3.0,,7
,,17.0,0.0,0.0,1.0,1.0,1.0,0.0,2.0,1.0,0.0,3.0,2.0,0.0,,0.0,,0.0,0.0,0.0,,1.0,,1.0,3.0,3.0,3.0,1.0,0.0,10
,,16.0,0.0,0.0,1.0,2.0,1.0,1.0,2.0,1.0,0.0,2.0,2.0,0.0,,0.0,,0.0,1.0,0.0,,1.0,,2.0,2.0,1.0,4.0,5.0,,9
,0.0,16.0,0.0,,1.0,2.0,1.0,2.0,2.0,1.0,0.0,1.0,2.0,0.0,,0.0,,0.0,0.0,0.0,,1.0,3.0,2.0,2.0,1.0,1.0,3.0,0.0,14
,,16.0,0.0,,1.0,4.0,4.0,,3.0,1.0,,1.0,1.0,0.0,,,,0.0,0.0,0.0,,0.0,,1.0,2.0,2.0,5.0,5.0,0.0,11
,,15.0,,0.0,1.0,1.0,2.0,2.0,2.0,0.0,0.0,3.0,2.0,0.0,,,,,0.0,0.0,0.0,0.0,,5.0,,1.0,3.0,5.0,,9
,,15.0,0.0,,0.0,2.0,2.0,2.0,1.0,3.0,0.0,3.0,4.0,0.0,,,,,0.0,0.0,0.0,0.0,,4.0,,2.0,3.0,5.0,,13
,,15.0,0.0,,0.0,2.0,1.0,,2.0,0.0,0.0,1.0,1.0,0.0,,0.0,,,0.0,0.0,,0.0,,3.0,,1.0,2.0,5.0,,12
,0.0,16.0,,,1.0,2.0,2.0,2.0,1.0,0.0,0.0,1.0,3.0,0.0,,,,0.0,1.0,0.0,0.0,1.0,,3.0,,2.0,2.0,5.0,,11
,,16.0,0.0,,1.0,4.0,1.0,2.0,1.0,2.0,0.0,2.0,2.0,0.0,,,,,0.0,0.0,,0.0,1.0,2.0,,2.0,2.0,1.0,,9
,,17.0,0.0,0.0,1.0,3.0,2.0,0.0,1.0,2.0,0.0,2.0,1.0,0.0,,0.0,,0.0,0.0,0.0,0.0,1.0,,3.0,,2.0,2.0,1.0,,9
,,17.0,,0.0,1.0,2.0,2.0,2.0,1.0,1.0,0.0,2.0,2.0,0.0,0.0,0.0,,0.0,0.0,0.0,0.0,0.0,,1.0,,1.0,1.0,5.0,0.0,11
,,16.0,0.0,0.0,1.0,4.0,4.0,,2.0,0.0,0.0,2.0,3.0,0.0,,,,0.0,0.0,0.0,,1.0,,3.0,,1.0,4.0,5.0,1.0,10
,,17.0,,0.0,1.0,4.0,4.0,1.0,1.0,0.0,,3.0,1.0,3.0,,0.0,,,0.0,0.0,,1.0,3.0,3.0,,1.0,3.0,5.0,,9
,,17.0,,,1.0,1.0,3.0,2.0,1.0,0.0,,2.0,1.0,0.0,,0.0,,,0.0,0.0,0.0,1.0,,1.0,2.0,3.0,3.0,5.0,,12
,,17.0,0.0,0.0,1.0,3.0,4.0,,1.0,1.0,0.0,1.0,2.0,1.0,,,,,1.0,0.0,,1.0,,4.0,,3.0,4.0,5.0,,8
,,17.0,0.0,0.0,1.0,4.0,4.0,1.0,3.0,0.0,,1.0,2.0,0.0,,,,0.0,0.0,0.0,,0.0,,2.0,,1.0,1.0,5.0,0.0,13
,,16.0,,,1.0,4.0,1.0,2.0,4.0,1.0,,1.0,1.0,0.0,,0.0,,0.0,0.0,0.0,1.0,0.0,4.0,1.0,2.0,2.0,1.0,2.0,0.0,10
,,17.0,0.0,0.0,0.0,1.0,1.0,0.0,4.0,1.0,0.0,1.0,2.0,0.0,,0.0,,,0.0,0.0,1.0,1.0,4.0,5.0,,1.0,2.0,3.0,,11
,,17.0,,0.0,1.0,4.0,2.0,2.0,1.0,0.0,0.0,2.0,2.0,0.0,0.0,,,0.0,1.0,0.0,1.0,0.0,4.0,3.0,,2.0,3.0,5.0,0.0,17
,,16.0,0.0,,0.0,2.0,2.0,,2.0,0.0,,2.0,2.0,0.0,,,,0.0,1.0,0.0,1.0,1.0,4.0,1.0,2.0,2.0,2.0,5.0,0.0,12
,,17.0,0.0,0.0,1.0,3.0,2.0,,1.0,1.0,,2.0,2.0,0.0,,,,0.0,0.0,0.0,1.0,0.0,4.0,1.0,2.0,2.0,2.0,1.0,0.0,13
,,19.0,0.0,0.0,1.0,1.0,1.0,,1.0,1.0,0.0,1.0,2.0,2.0,,,,,0.0,1.0,1.0,0.0,4.0,4.0,,3.0,4.0,4.0,,9
,,17.0,0.0,,0.0,1.0,0.0,,1.0,2.0,0.0,1.0,1.0,0.0,,0.0,,0.0,0.0,0.0,0.0,1.0,4.0,1.0,2.0,1.0,1.0,5.0,,11
,,17.0,,0.0,1.0,1.0,1.0,0.0,4.0,0.0,,2.0,1.0,0.0,,,,,0.0,1.0,1.0,1.0,3.0,5.0,,2.0,2.0,4.0,,10
,,16.0,,0.0,1.0,1.0,2.0,,1.0,2.0,,1.0,3.0,0.0,0.0,,,0.0,1.0,0.0,1.0,1.0,4.0,3.0,,1.0,1.0,3.0,,13
,,16.0,,,1.0,1.0,2.0,,4.0,0.0,0.0,1.0,1.0,0.0,,0.0,,0.0,0.0,0.0,0.0,0.0,4.0,4.0,,2.0,4.0,5.0,,9
,,17.0,,0.0,1.0,3.0,1.0,,1.0,0.0,0.0,2.0,2.0,3.0,,,,,1.0,0.0,,1.0,,4.0,,1.0,1.0,5.0,,7
,,17.0,,0.0,1.0,2.0,2.0,,1.0,0.0,0.0,2.0,1.0,0.0,,0.0,,,0.0,1.0,0.0,1.0,,5.0,,3.0,5.0,5.0,0.0,8
,,18.0,,0.0,1.0,1.0,0.0,0.0,4.0,0.0,,3.0,1.0,1.0,0.0,,,0.0,0.0,0.0,0.0,0.0,4.0,3.0,2.0,1.0,1.0,4.0,0.0,12
,,17.0,,0.0,1.0,1.0,1.0,,2.0,0.0,0.0,2.0,1.0,0.0,,,,,1.0,0.0,1.0,1.0,4.0,5.0,,1.0,3.0,2.0,0.0,10
,,18.0,0.0,,1.0,1.0,1.0,0.0,4.0,0.0,0.0,2.0,2.0,0.0,,,,,0.0,0.0,0.0,0.0,4.0,3.0,,1.0,4.0,5.0,,10
,,16.0,,,1.0,2.0,2.0,,2.0,0.0,,1.0,2.0,0.0,,0.0,0.0,,0.0,0.0,0.0,1.0,,4.0,,1.0,1.0,1.0,0.0,11
,,17.0,0.0,0.0,1.0,2.0,2.0,,1.0,0.0,0.0,1.0,1.0,1.0,,0.0,,,0.0,0.0,0.0,1.0,1.0,2.0,1.0,2.0,3.0,5.0,0.0,7
,,16.0,,0.0,,3.0,2.0,,1.0,0.0,,2.0,1.0,0.0,,0.0,0.0,0.0,0.0,0.0,,0.0,4.0,5.0,,2.0,3.0,5.0,,11
,,16.0,,,,1.0,1.0,0.0,1.0,0.0,0.0,2.0,1.0,0.0,,0.0,0.0,,0.0,0.0,,0.0,,5.0,,2.0,4.0,5.0,0.0,10
,,18.0,,0.0,,1.0,1.0,,1.0,0.0,,2.0,1.0,1.0,,,0.0,0.0,0.0,1.0,,1.0,,3.0,,2.0,3.0,5.0,,9
,,18.0,,0.0,,3.0,2.0,,1.0,0.0,0.0,1.0,1.0,1.0,,0.0,0.0,0.0,0.0,1.0,,0.0,2.0,3.0,1.0,2.0,2.0,5.0,0.0,4
,,19.0,0.0,0.0,,3.0,2.0,0.0,2.0,0.0,0.0,2.0,1.0,3.0,,0.0,0.0,,0.0,0.0,0.0,0.0,3.0,2.0,1.0,1.0,1.0,3.0,,6
,,18.0,0.0,0.0,,3.0,3.0,0.0,4.0,0.0,0.0,1.0,2.0,2.0,,,0.0,,0.0,1.0,,0.0,,4.0,,1.0,3.0,3.0,,4
,,16.0,,0.0,,2.0,2.0,,2.0,0.0,0.0,2.0,1.0,0.0,,,0.0,,0.0,0.0,,1.0,,4.0,,2.0,4.0,4.0,,7
,,19.0,0.0,0.0,,2.0,1.0,0.0,1.0,0.0,,2.0,1.0,3.0,,0.0,0.0,,1.0,1.0,,1.0,,4.0,,1.0,3.0,5.0,,8
,,16.0,0.0,0.0,0.0,3.0,2.0,,4.0,0.0,0.0,2.0,2.0,2.0,,,0.0,,0.0,0.0,0.0,1.0,2.0,5.0,,1.0,1.0,1.0,,5
,,17.0,0.0,0.0,,1.0,1.0,,4.0,0.0,0.0,1.0,1.0,0.0,1.0,,0.0,,0.0,0.0,0.0,0.0,,3.0,2.0,1.0,2.0,5.0,,7
,,20.0,,0.0,,1.0,1.0,,1.0,0.0,,2.0,1.0,1.0,1.0,,0.0,0.0,0.0,1.0,,1.0,,4.0,,2.0,4.0,4.0,,8
,,18.0,,0.0,0.0,4.0,3.0,,2.0,0.0,0.0,1.0,1.0,0.0,1.0,,0.0,0.0,0.0,0.0,,0.0,,4.0,,3.0,4.0,2.0,,10
,,18.0,,0.0,,3.0,2.0,,1.0,0.0,0.0,2.0,1.0,0.0,1.0,,0.0,0.0,1.0,0.0,,0.0,2.0,5.0,,5.0,5.0,5.0,,9
,,19.0,,0.0,,1.0,1.0,,2.0,2.0,,3.0,2.0,1.0,1.0,0.0,0.0,0.0,0.0,0.0,,0.0,,4.0,,3.0,3.0,2.0,,10
,,17.0,0.0,0.0,,3.0,3.0,1.0,1.0,0.0,0.0,2.0,2.0,1.0,1.0,,0.0,0.0,0.0,0.0,,0.0,,5.0,,2.0,3.0,3.0,,8
,,18.0,0.0,,,1.0,3.0,0.0,2.0,0.0,0.0,1.0,1.0,0.0,1.0,0.0,0.0,0.0,0.0,1.0,,1.0,,3.0,,2.0,3.0,3.0,0.0,9
,,19.0,,0.0,,1.0,1.0,,1.0,2.0,,3.0,1.0,1.0,1.0,,0.0,0.0,0.0,0.0,,0.0,,4.0,,3.0,3.0,5.0,,8
,,18.0,0.0,0.0,0.0,1.0,2.0,0.0,1.0,0.0,0.0,2.0,2.0,2.0,1.0,,0.0,0.0,0.0,0.0,0.0,0.0,,3.0,,1.0,1.0,5.0,,6
,0.0,19.0,0.0,,0.0,1.0,1.0,0.0,1.0,0.0,0.0,1.0,1.0,0.0,1.0,,0.0,0.0,0.0,1.0,0.0,0.0,1.0,4.0,,1.0,1.0,5.0,0.0,6
,0.0,18.0,,0.0,1.0,2.0,2.0,,1.0,1.0,0.0,2.0,1.0,1.0,1.0,0.0,0.0,0.0,0.0,1.0,,1.0,,5.0,,1.0,1.0,3.0,0.0,8
,0.0,17.0,,0.0,1.0,0.0,0.0,0.0,1.0,0.0,0.0,2.0,1.0,0.0,1.0,,0.0,0.0,0.0,0.0,,0.0,,4.0,,1.0,1.0,5.0,0.0,10
,0.0,17.0,,,0.0,3.0,1.0,,4.0,0.0,,2.0,3.0,0.0,1.0,,,0.0,0.0,1.0,0.0,0.0,,2.0,,2.0,2.0,3.0,,8
,0.0,17.0,0.0,0.0,1.0,4.0,2.0,,2.0,2.0,0.0,1.0,2.0,0.0,0.0,,0.0,,0.0,0.0,1.0,0.0,,5.0,,1.0,3.0,5.0,0.0,8
,0.0,18.0,,,1.0,2.0,2.0,,2.0,0.0,0.0,1.0,2.0,1.0,1.0,,0.0,,0.0,0.0,1.0,0.0,2.0,3.0,,1.0,2.0,4.0,,7
,0.0,17.0,0.0,0.0,1.0,4.0,1.0,1.0,4.0,0.0,0.0,1.0,1.0,0.0,1.0,,0.0,0.0,0.0,0.0,0.0,1.0,3.0,2.0,2.0,1.0,1.0,5.0,0.0,8
,0.0,17.0,0.0,,1.0,1.0,2.0,0.0,1.0,0.0,,1.0,1.0,0.0,1.0,0.0,0.0,0.0,0.0,0.0,,0.0,,5.0,1.0,1.0,1.0,3.0,0.0,7
,0.0,18.0,0.0,0.0,1.0,1.0,1.0,,1.0,0.0,0.0,3.0,2.0,2.0,1.0,0.0,0.0,,0.0,0.0,0.0,1.0,3.0,4.0,,2.0,2.0,5.0,,7
,0.0,18.0,0.0,0.0,1.0,2.0,2.0,,4.0,3.0,,2.0,2.0,0.0,1.0,0.0,0.0,,1.0,0.0,,0.0,4.0,3.0,,1.0,1.0,1.0,,12
,0.0,17.0,0.0,0.0,1.0,3.0,3.0,,2.0,0.0,0.0,2.0,1.0,0.0,1.0,,0.0,0.0,0.0,0.0,,0.0,,4.0,,1.0,1.0,4.0,0.0,11
,0.0,18.0,0.0,,0.0,1.0,2.0,0.0,1.0,3.0,0.0,2.0,2.0,0.0,1.0,0.0,0.0,0.0,0.0,0.0,,0.0,,4.0,,1.0,2.0,4.0,0.0,12
,0.0,18.0,0.0,0.0,1.0,4.0,4.0,,0.0,3.0,0.0,2.0,2.0,0.0,1.0,0.0,0.0,,1.0,0.0,,0.0,,3.0,,1.0,2.0,1.0,0.0,18
,,18.0,0.0,,1.0,4.0,4.0,,1.0,3.0,0.0,1.0,1.0,0.0,1.0,,0.0,,0.0,0.0,,0.0,,4.0,,1.0,1.0,5.0,,17
,0.0,17.0,0.0,0.0,,4.0,2.0,,1.0,0.0,0.0,2.0,2.0,0.0,1.0,,0.0,0.0,0.0,0.0,,0.0,,3.0,,1.0,2.0,4.0,0.0,17
,0.0,18.0,,0.0,1.0,2.0,2.0,0.0,1.0,0.0,0.0,3.0,2.0,1.0,1.0,0.0,0.0,,0.0,0.0,0.0,1.0,,3.0,,1.0,1.0,4.0,0.0,9
,,18.0,0.0,,1.0,1.0,2.0,0.0,2.0,2.0,0.0,2.0,1.0,0.0,1.0,,0.0,0.0,1.0,0.0,0.0,0.0,4.0,1.0,,5.0,5.0,1.0,,10
,,18.0,,0.0,1.0,4.0,4.0,0.0,2.0,1.0,0.0,3.0,1.0,0.0,1.0,,,,0.0,0.0,,1.0,2.0,5.0,,1.0,1.0,1.0,,12
,,17.0,,0.0,1.0,1.0,1.0,,2.0,1.0,,3.0,1.0,0.0,1.0,0.0,0.0,0.0,1.0,1.0,0.0,0.0,4.0,2.0,,3.0,4.0,4.0,,12
,0.0,18.0,0.0,0.0,,2.0,2.0,,1.0,0.0,0.0,2.0,2.0,0.0,1.0,,0.0,0.0,1.0,0.0,,1.0,1.0,3.0,1.0,1.0,1.0,2.0,,8
,0.0,18.0,0.0,,1.0,2.0,2.0,,2.0,0.0,,2.0,3.0,0.0,1.0,0.0,0.0,0.0,0.0,0.0,,1.0,,4.0,,1.0,4.0,3.0,0.0,11
,,18.0,,,0.0,4.0,2.0,,1.0,3.0,0.0,1.0,2.0,0.0,1.0,0.0,0.0,,0.0,0.0,,1.0,,3.0,1.0,1.0,1.0,5.0,0.0,5
,,18.0,0.0,0.0,1.0,1.0,1.0,0.0,2.0,0.0,0.0,3.0,2.0,1.0,1.0,0.0,0.0,0.0,0.0,1.0,0.0,0.0,4.0,4.0,2.0,1.0,2.0,2.0,,9
,,19.0,0.0,0.0,1.0,1.0,1.0,0.0,2.0,1.0,,2.0,1.0,1.0,1.0,0.0,0.0,0.0,0.0,1.0,0.0,0.0,,5.0,,2.0,3.0,2.0,0.0,5
,,17.0,0.0,0.0,1.0,4.0,2.0,,1.0,0.0,,2.0,4.0,0.0,1.0,0.0,0.0,0.0,0.0,0.0,,1.0,4.0,2.0,,3.0,1.0,5.0,0.0,18
,,17.0,,,0.0,2.0,1.0,,1.0,3.0,0.0,2.0,2.0,0.0,1.0,0.0,0.0,,0.0,0.0,,1.0,,3.0,,1.0,2.0,2.0,,11
,,18.0,0.0,,0.0,1.0,1.0,0.0,2.0,0.0,0.0,1.0,2.0,0.0,1.0,0.0,0.0,0.0,0.0,0.0,0.0,1.0,,2.0,,1.0,2.0,3.0,,8
,,18.0,0.0,0.0,1.0,1.0,2.0,0.0,4.0,0.0,,2.0,2.0,0.0,1.0,,0.0,0.0,0.0,1.0,0.0,0.0,4.0,1.0,1.0,1.0,1.0,4.0,0.0,11
,,19.0,,0.0,0.0,1.0,1.0,0.0,4.0,0.0,,2.0,2.0,3.0,1.0,,0.0,,0.0,1.0,0.0,1.0,3.0,5.0,,1.0,4.0,1.0,0.0,8
,,18.0,,0.0,,2.0,2.0,,1.0,2.0,0.0,2.0,3.0,0.0,1.0,0.0,0.0,0.0,0.0,0.0,,1.0,4.0,2.0,1.0,1.0,1.0,4.0,,14
,,17.0,,0.0,,4.0,3.0,,1.0,2.0,0.0,2.0,2.0,1.0,1.0,,,,1.0,0.0,,1.0,4.0,5.0,,1.0,3.0,2.0,,10
,,18.0,0.0,0.0,,3.0,3.0,,2.0,0.0,,1.0,2.0,0.0,1.0,,0.0,0.0,0.0,0.0,0.0,1.0,,3.0,,1.0,1.0,5.0,0.0,10
,,17.0,,0.0,,4.0,4.0,,2.0,1.0,,2.0,2.0,0.0,1.0,,,,0.0,0.0,,0.0,4.0,3.0,,1.0,2.0,5.0,,12
,,17.0,0.0,,0.0,3.0,2.0,,1.0,3.0,0.0,2.0,2.0,0.0,1.0,0.0,0.0,0.0,0.0,0.0,0.0,1.0,1.0,2.0,,1.0,2.0,5.0,0.0,15
,,18.0,0.0,,,1.0,1.0,,2.0,2.0,,2.0,1.0,0.0,,0.0,0.0,0.0,1.0,0.0,,1.0,3.0,3.0,2.0,1.0,2.0,3.0,,14
,,18.0,0.0,,,1.0,1.0,0.0,2.0,0.0,,2.0,3.0,0.0,,0.0,0.0,0.0,0.0,0.0,,0.0,,3.0,2.0,1.0,1.0,4.0,0.0,19
,,18.0,,,0.0,1.0,2.0,0.0,1.0,0.0,0.0,3.0,2.0,0.0,,0.0,0.0,0.0,0.0,0.0,0.0,1.0,4.0,3.0,,1.0,4.0,5.0,0.0,16
,,18.0,0.0,0.0,,3.0,3.0,,2.0,1.0,0.0,2.0,2.0,0.0,,,0.0,0.0,0.0,0.0,,1.0,4.0,3.0,2.0,1.0,3.0,3.0,,13
,0.0,17.0,0.0,,,4.0,4.0,0.0,4.0,0.0,0.0,1.0,2.0,0.0,,,0.0,,0.0,0.0,,1.0,2.0,3.0,,1.0,1.0,1.0,,15
,0.0,17.0,,0.0,1.0,1.0,2.0,,2.0,0.0,,2.0,2.0,0.0,,0.0,0.0,0.0,1.0,0.0,0.0,0.0,3.0,2.0,2.0,1.0,2.0,3.0,0.0,13
,,18.0,,0.0,1.0,1.0,3.0,0.0,1.0,0.0,0.0,2.0,2.0,0.0,,,,0.0,0.0,0.0,0.0,0.0,3.0,3.0,,2.0,4.0,3.0,0.0,8
,,18.0,0.0,,1.0,4.0,4.0,,2.0,1.0,0.0,2.0,3.0,0.0,,0.0,0.0,0.0,0.0,0.0,1.0,1.0,4.0,2.0,2.0,2.0,2.0,5.0,0.0,15
,,17.0,,0.0,1.0,1.0,1.0,,2.0,3.0,0.0,3.0,1.0,1.0,,,0.0,0.0,0.0,0.0,1.0,1.0,,2.0,1.0,1.0,2.0,1.0,0.0,8
,,18.0,0.0,0.0,1.0,2.0,3.0,0.0,2.0,0.0,,2.0,1.0,0.0,,,0.0,0.0,0.0,0.0,1.0,1.0,,2.0,,1.0,2.0,4.0,0.0,10
,,18.0,,0.0,1.0,4.0,4.0,,0.0,1.0,,3.0,2.0,0.0,,,0.0,0.0,1.0,0.0,1.0,1.0,3.0,2.0,2.0,4.0,2.0,5.0,0.0,7
,,18.0,,,1.0,1.0,2.0,0.0,2.0,1.0,,3.0,1.0,0.0,,,0.0,,0.0,1.0,1.0,1.0,4.0,3.0,,2.0,3.0,3.0,,9
,,17.0,0.0,0.0,1.0,2.0,2.0,,4.0,2.0,0.0,1.0,3.0,0.0,1.0,0.0,0.0,,0.0,0.0,0.0,1.0,3.0,4.0,,1.0,1.0,3.0,,10
,,17.0,,0.0,1.0,1.0,2.0,,1.0,0.0,0.0,1.0,1.0,0.0,,0.0,0.0,,0.0,0.0,1.0,0.0,3.0,5.0,,1.0,3.0,1.0,,7
,,18.0,,,1.0,4.0,4.0,,1.0,3.0,0.0,2.0,3.0,0.0,1.0,0.0,0.0,0.0,0.0,0.0,1.0,0.0,,4.0,,1.0,1.0,1.0,0.0,15
,,18.0,,0.0,1.0,1.0,1.0,,1.0,2.0,0.0,4.0,3.0,0.0,1.0,0.0,0.0,0.0,0.0,0.0,1.0,0.0,4.0,3.0,2.0,1.0,2.0,4.0,,10
,,19.0,,0.0,1.0,1.0,1.0,0.0,1.0,0.0,,2.0,2.0,1.0,1.0,,0.0,0.0,0.0,0.0,1.0,1.0,4.0,3.0,,1.0,1.0,3.0,,7
,,18.0,,,1.0,4.0,4.0,,2.0,0.0,0.0,1.0,2.0,0.0,1.0,0.0,0.0,,0.0,0.0,1.0,0.0,,4.0,,3.0,4.0,2.0,1.0,13
,,18.0,0.0,0.0,1.0,3.0,3.0,,1.0,2.0,0.0,1.0,2.0,0.0,1.0,0.0,0.0,0.0,0.0,0.0,1.0,1.0,4.0,1.0,,1.0,2.0,1.0,1.0,16
,,17.0,,0.0,1.0,3.0,1.0,0.0,1.0,3.0,0.0,1.0,2.0,0.0,1.0,,0.0,,1.0,0.0,1.0,0.0,4.0,5.0,,2.0,3.0,1.0,,8
,,18.0,0.0,0.0,1.0,4.0,4.0,,0.0,2.0,,1.0,2.0,0.0,1.0,0.0,0.0,,1.0,0.0,1.0,0.0,3.0,2.0,,1.0,4.0,2.0,,17
,,18.0,,0.0,1.0,2.0,1.0,,1.0,1.0,0.0,2.0,1.0,0.0,1.0,0.0,0.0,,1.0,0.0,1.0,1.0,4.0,4.0,,1.0,3.0,5.0,0.0,7
,,17.0,0.0,0.0,1.0,2.0,3.0,,2.0,2.0,,2.0,2.0,0.0,1.0,0.0,0.0,,0.0,0.0,1.0,0.0,4.0,4.0,,1.0,1.0,3.0,,14
,,19.0,,0.0,1.0,1.0,1.0,,2.0,1.0,0.0,2.0,1.0,1.0,1.0,0.0,0.0,0.0,0.0,0.0,0.0,0.0,4.0,3.0,2.0,1.0,3.0,5.0,0.0,5
,,18.0,,0.0,1.0,4.0,2.0,,1.0,2.0,,2.0,1.0,1.0,1.0,0.0,,0.0,0.0,0.0,0.0,0.0,,4.0,,4.0,3.0,3.0,0.0,7
,,18.0,,0.0,1.0,2.0,2.0,0.0,1.0,1.0,0.0,2.0,3.0,0.0,1.0,0.0,0.0,0.0,0.0,0.0,0.0,0.0,,3.0,,1.0,3.0,4.0,0.0,14
,,17.0,0.0,0.0,1.0,4.0,3.0,,1.0,1.0,0.0,2.0,2.0,0.0,1.0,0.0,0.0,0.0,0.0,0.0,1.0,0.0,,5.0,,1.0,1.0,1.0,0.0,6
,,18.0,,0.0,1.0,4.0,4.0,,4.0,3.0,0.0,3.0,1.0,0.0,1.0,,0.0,,0.0,0.0,1.0,1.0,4.0,4.0,,2.0,2.0,5.0,,7
,,19.0,,0.0,1.0,2.0,3.0,,1.0,0.0,0.0,1.0,3.0,1.0,1.0,0.0,0.0,,1.0,0.0,1.0,0.0,,4.0,2.0,1.0,2.0,5.0,,10
,,18.0,0.0,,1.0,3.0,1.0,,2.0,0.0,0.0,1.0,2.0,0.0,1.0,,0.0,0.0,0.0,0.0,1.0,0.0,4.0,3.0,,1.0,1.0,1.0,,15
,,18.0,0.0,0.0,1.0,1.0,1.0,,1.0,0.0,0.0,2.0,2.0,0.0,1.0,0.0,0.0,,0.0,0.0,0.0,0.0,1.0,1.0,1.0,1.0,1.0,5.0,,11
,,17.0,0.0,,,3.0,1.0,,2.0,0.0,0.0,2.0,1.0,0.0,,0.0,0.0,0.0,1.0,0.0,,0.0,2.0,4.0,,3.0,4.0,2.0,,10
,,18.0,,,,3.0,2.0,,1.0,0.0,,3.0,1.0,0.0,,0.0,,0.0,1.0,0.0,,0.0,,4.0,1.0,3.0,4.0,5.0,,10
